CODGEO;CODGEO;LIBGEO;DENS;LIBDENS;PMUN21;P1;P2;P3;P4;P5;P6;P7;Département;Région;NB_G101;NB_G102;NB_G103;NB_G104;NB_F303;NB_F303_NB_SALLES;NB_F305;NB_F307;NB_F311;NB_F312;NB_F313;NB_F314;NB_F315;NB_F315_NB_SALLES
01004;1004;Ambérieu-en-Bugey;2;Centres urbains intermédiaires;14854;0;70,85;0;24,85;0;3,54;0,75;Ain;Auvergne-Rhône-Alpes;2;1;0;0;1;3;0;1;0;0;0;1;0;0
01033;1033;Valserhône;2;Centres urbains intermédiaires;16295;0;55,3;0;17,74;14,12;11,99;0,85;Ain;Auvergne-Rhône-Alpes;4;6;0;1;1;2;1;4;0;0;0;0;1;1
01143;1143;Divonne-les-Bains;4;Ceintures urbaines;10137;0;0;0;87,07;0;11,94;0,98;Ain;Auvergne-Rhône-Alpes;1;8;1;3;1;0;0;1;0;0;0;0;0;0
01160;1160;Ferney-Voltaire;2;Centres urbains intermédiaires;10920;0;71,31;0;28,69;0;0;0;Ain;Auvergne-Rhône-Alpes;3;6;0;1;1;3;1;0;1;1;1;0;0;0
01173;1173;Gex;2;Centres urbains intermédiaires;13078;0;60,68;0;32,3;0;6,54;0,48;Ain;Auvergne-Rhône-Alpes;1;3;1;2;1;0;0;1;0;0;0;0;0;0
01249;1249;Miribel;4;Ceintures urbaines;10225;0;25,39;0;61,91;7,96;4,41;0,33;Ain;Auvergne-Rhône-Alpes;0;0;0;3;0;0;0;1;0;0;0;0;1;2
01354;1354;Saint-Genis-Pouilly;2;Centres urbains intermédiaires;14558;0;69,22;0;27,04;0;3,41;0,33;Ain;Auvergne-Rhône-Alpes;0;5;0;0;1;0;0;1;0;0;0;0;0;0
02168;2168;Château-Thierry;2;Centres urbains intermédiaires;15204;0;83,25;0;14,53;0;1,97;0,26;Aisne;Hauts-de-France;4;3;0;1;1;4;0;1;0;1;0;0;1;0
02173;2173;Chauny;2;Centres urbains intermédiaires;11496;0;81,24;0;16,24;0;2,01;0,51;Aisne;Hauts-de-France;1;2;0;0;1;3;0;1;0;1;0;1;1;1
02738;2738;Tergnier;2;Centres urbains intermédiaires;13431;0;52,18;0;40,79;0;6,8;0,23;Aisne;Hauts-de-France;0;1;2;0;1;2;0;1;0;1;0;0;0;0
02810;2810;Villers-Cotterêts;2;Centres urbains intermédiaires;10454;0;62,99;0;35,84;0;0,5;0,67;Aisne;Hauts-de-France;1;2;0;1;1;2;0;1;0;1;0;0;0;0
03095;3095;Cusset;2;Centres urbains intermédiaires;12909;0;58,48;0;30,67;0;9,15;1,7;Allier;Auvergne-Rhône-Alpes;1;0;0;0;0;0;1;1;0;0;0;1;2;2
03190;3190;Moulins;2;Centres urbains intermédiaires;19343;0;71,41;0;28,33;0;0,01;0,25;Allier;Auvergne-Rhône-Alpes;4;6;0;3;1;9;1;2;0;2;0;1;1;1
03321;3321;Yzeure;2;Centres urbains intermédiaires;12598;0;75,81;0;18,9;0;3,07;2,21;Allier;Auvergne-Rhône-Alpes;1;1;0;3;0;0;0;3;0;0;0;1;1;2
04070;4070;Digne-les-Bains;3;Petites villes;17192;0;35,66;0;51,57;0;10,14;2,63;Alpes-de-Haute-Provence;Provence-Alpes-Côte d'Azur;3;8;2;1;2;4;1;2;1;2;0;3;0;0
05023;5023;Briançon;2;Centres urbains intermédiaires;10561;0;58,89;0;36,5;0;4,39;0,22;Hautes-Alpes;Provence-Alpes-Côte d'Azur;5;13;1;5;2;1;1;1;0;0;0;1;1;2
06012;6012;Beausoleil;2;Centres urbains intermédiaires;12674;0;98,98;0;0,55;0;0,18;0,29;Alpes-Maritimes;Provence-Alpes-Côte d'Azur;6;5;0;5;0;0;0;0;0;0;0;1;0;0
06033;6033;Carros;2;Centres urbains intermédiaires;13277;0;60,78;0;29,17;0;10,02;0,02;Alpes-Maritimes;Provence-Alpes-Côte d'Azur;0;2;0;0;1;1;0;1;0;0;0;1;0;0
06084;6084;Mouans-Sartoux;2;Centres urbains intermédiaires;10531;0;65,69;0;30,16;0;3,91;0,25;Alpes-Maritimes;Provence-Alpes-Côte d'Azur;3;6;0;2;2;6;0;1;0;1;0;0;0;0
06085;6085;Mougins;4;Ceintures urbaines;19677;31,51;4,09;0;59,71;0;4,43;0,26;Alpes-Maritimes;Provence-Alpes-Côte d'Azur;7;9;0;4;0;0;0;2;0;0;0;1;0;0
06104;6104;Roquebrune-Cap-Martin;2;Centres urbains intermédiaires;12371;0;69,68;0;28,44;0;1,28;0,6;Alpes-Maritimes;Provence-Alpes-Côte d'Azur;2;8;0;1;0;0;0;0;0;1;0;0;0;0
06149;6149;La Trinité;1;Grands centres urbains;10276;72,83;0;0;20,11;0;5,96;1,1;Alpes-Maritimes;Provence-Alpes-Côte d'Azur;1;1;0;0;0;0;0;1;0;0;0;0;0;0
06152;6152;Valbonne;4;Ceintures urbaines;12754;0;0;0;94,28;0;5,46;0,26;Alpes-Maritimes;Provence-Alpes-Côte d'Azur;6;8;0;2;2;2;1;1;0;0;0;0;0;0
06157;6157;Vence;2;Centres urbains intermédiaires;19415;0;55,76;0;42,82;0;0,81;0,61;Alpes-Maritimes;Provence-Alpes-Côte d'Azur;2;10;1;3;1;2;1;1;0;0;0;0;0;0
06161;6161;Villeneuve-Loubet;1;Grands centres urbains;16779;75,15;0,03;0;21,56;0;2,91;0,35;Alpes-Maritimes;Provence-Alpes-Côte d'Azur;5;11;6;5;1;0;0;1;0;1;0;1;0;0
07010;7010;Annonay;3;Petites villes;16873;0;47,29;0;48,87;0;3,38;0,45;Ardèche;Auvergne-Rhône-Alpes;2;1;0;1;1;4;1;1;1;1;0;1;1;0
07019;7019;Aubenas;2;Centres urbains intermédiaires;12360;0;49,26;0;44,85;0;5,87;0,02;Ardèche;Auvergne-Rhône-Alpes;2;4;2;2;1;0;0;1;1;0;0;0;1;1
07102;7102;Guilherand-Granges;1;Grands centres urbains;11203;86,77;0;0;11,92;0;1,26;0,05;Ardèche;Auvergne-Rhône-Alpes;3;1;0;1;1;1;0;2;0;0;0;0;0;0
07324;7324;Tournon-sur-Rhône;2;Centres urbains intermédiaires;11191;0;52,28;0;43,81;0;3,19;0,72;Ardèche;Auvergne-Rhône-Alpes;2;6;5;2;1;2;0;1;0;1;0;0;0;0
08409;8409;Sedan;2;Centres urbains intermédiaires;16608;0;71,22;0;25,06;0;3,38;0,34;Ardennes;Grand Est;3;4;1;1;1;3;0;1;0;1;0;0;1;1
09225;9225;Pamiers;2;Centres urbains intermédiaires;16394;0;51,59;0;40,79;0;4,68;2,93;Ariège;Occitanie;2;5;1;0;1;2;1;1;0;0;0;1;0;0
10081;10081;La Chapelle-Saint-Luc;1;Grands centres urbains;12299;77,91;0;0;20,69;0;1,23;0,17;Aube;Grand Est;2;2;0;1;0;0;0;1;0;0;0;1;0;0
10323;10323;Romilly-sur-Seine;2;Centres urbains intermédiaires;14766;0;72;0;26,53;0;1,03;0,44;Aube;Grand Est;2;2;0;0;1;3;1;1;0;0;0;1;0;0
10333;10333;Saint-André-les-Vergers;1;Grands centres urbains;12775;82,74;0;0;16,53;0;0,73;0;Aube;Grand Est;1;2;0;0;0;0;0;2;0;0;0;0;1;1
10362;10362;Sainte-Savine;1;Grands centres urbains;10515;91,69;0;0;7,93;0;0,38;0;Aube;Grand Est;0;2;0;0;0;0;1;1;0;0;0;1;0;0
11076;11076;Castelnaudary;2;Centres urbains intermédiaires;12448;0;63,82;0;20,09;0;10,99;5,1;Aude;Occitanie;1;6;1;0;1;0;0;1;0;1;0;1;1;1
11203;11203;Lézignan-Corbières;2;Centres urbains intermédiaires;10952;0;62,25;0;32,27;0;4,06;1,42;Aude;Occitanie;2;3;1;1;1;1;0;1;0;0;0;0;0;0
11206;11206;Limoux;3;Petites villes;10302;0;0;88,67;0;0;9,23;2,1;Aude;Occitanie;2;3;1;0;1;1;0;2;0;1;0;0;0;0
12176;12176;Onet-le-Château;2;Centres urbains intermédiaires;11873;0;58,51;0;27,23;0,06;12,43;1,78;Aveyron;Occitanie;1;7;0;0;0;0;0;1;0;0;0;0;0;0
12300;12300;Villefranche-de-Rouergue;3;Petites villes;11720;0;0;80,68;0;0;15,6;3,73;Aveyron;Occitanie;2;3;1;2;1;2;0;1;1;1;0;1;0;0
13007;13007;Auriol;4;Ceintures urbaines;12839;0;0;12,21;71,49;0;15,73;0,57;Bouches-du-Rhône;Provence-Alpes-Côte d'Azur;2;1;0;0;0;0;0;1;0;0;0;0;0;0
13014;13014;Berre-l'Étang;2;Centres urbains intermédiaires;13912;0;68,28;0;11,6;0,22;17,64;2,27;Bouches-du-Rhône;Provence-Alpes-Côte d'Azur;1;1;0;0;1;1;0;1;0;0;0;1;1;1
13015;13015;Bouc-Bel-Air;4;Ceintures urbaines;15248;0,07;0;0;94,93;0;4,24;0,76;Bouches-du-Rhône;Provence-Alpes-Côte d'Azur;2;4;1;0;0;0;0;1;0;0;1;0;1;1
13019;13019;Cabriès;4;Ceintures urbaines;10070;0;0;0,04;83,31;0;14,73;1,92;Bouches-du-Rhône;Provence-Alpes-Côte d'Azur;0;3;0;0;0;0;0;1;0;0;0;0;0;0
13026;13026;Châteauneuf-les-Martigues;2;Centres urbains intermédiaires;17909;0;44,66;0;38,4;9,87;6,67;0,4;Bouches-du-Rhône;Provence-Alpes-Côte d'Azur;3;1;0;0;1;1;0;1;0;0;0;1;0;0
13027;13027;Châteaurenard;2;Centres urbains intermédiaires;16669;0;60,43;0;26,04;0,1;12,6;0,82;Bouches-du-Rhône;Provence-Alpes-Côte d'Azur;1;2;1;1;1;3;0;1;0;0;0;0;0;0
13039;13039;Fos-sur-Mer;2;Centres urbains intermédiaires;15469;0;68,22;0;29,51;0;1,88;0,39;Bouches-du-Rhône;Provence-Alpes-Côte d'Azur;1;5;0;1;1;0;0;1;0;0;0;1;1;1
13040;13040;Fuveau;4;Ceintures urbaines;10115;0;0;0;71,06;0,25;28,14;0,55;Bouches-du-Rhône;Provence-Alpes-Côte d'Azur;1;1;0;0;0;0;0;1;0;0;0;0;0;0
13043;13043;Gignac-la-Nerthe;2;Centres urbains intermédiaires;10083;0;67,92;0;28,18;0;3,69;0,22;Bouches-du-Rhône;Provence-Alpes-Côte d'Azur;1;0;0;0;0;0;0;1;0;0;0;0;0;0
13069;13069;Pélissanne;2;Centres urbains intermédiaires;10554;0;78,42;0;15,55;0;4,56;1,47;Bouches-du-Rhône;Provence-Alpes-Côte d'Azur;2;0;0;1;0;0;0;1;0;0;0;0;0;0
13075;13075;Plan-de-Cuques;1;Grands centres urbains;11396;98,22;0;0;1,77;0;0;0,02;Bouches-du-Rhône;Provence-Alpes-Côte d'Azur;3;0;0;0;0;0;0;1;0;0;0;0;0;0
13077;13077;Port-de-Bouc;1;Grands centres urbains;16136;82,92;0;0;15,66;0;0,92;0,5;Bouches-du-Rhône;Provence-Alpes-Côte d'Azur;0;1;2;1;1;1;0;1;0;0;0;0;1;1
13081;13081;Rognac;4;Ceintures urbaines;12175;0;43,47;0;50,46;0;5,27;0,8;Bouches-du-Rhône;Provence-Alpes-Côte d'Azur;0;1;0;1;0;0;0;1;0;0;0;0;0;0
13097;13097;Saint-Martin-de-Crau;2;Centres urbains intermédiaires;13729;0;57,31;0;30,5;0;5,2;6,98;Bouches-du-Rhône;Provence-Alpes-Côte d'Azur;2;4;1;0;1;1;1;1;0;0;0;1;1;1
13106;13106;Septèmes-les-Vallons;1;Grands centres urbains;11734;82,9;0;0;15,1;0;1,8;0,21;Bouches-du-Rhône;Provence-Alpes-Côte d'Azur;0;1;1;1;0;0;0;1;0;0;0;0;0;0
13108;13108;Tarascon;2;Centres urbains intermédiaires;15423;0;78,59;0;10,04;0,46;4,81;6,1;Bouches-du-Rhône;Provence-Alpes-Côte d'Azur;1;8;2;1;1;2;0;1;1;0;0;1;1;1
13110;13110;Trets;2;Centres urbains intermédiaires;10678;0;55,51;0;25,59;0;13,31;5,59;Bouches-du-Rhône;Provence-Alpes-Côte d'Azur;4;1;0;0;1;1;0;1;0;0;0;0;0;0
14047;14047;Bayeux;2;Centres urbains intermédiaires;12775;0;83,19;0;16,34;0;0,47;0;Calvados;Normandie;3;17;1;7;1;3;0;1;0;1;0;0;0;0
14341;14341;Ifs;1;Grands centres urbains;11981;88,24;0;0;9,22;0;2,43;0,11;Calvados;Normandie;2;3;0;2;0;0;0;1;0;0;0;0;1;1
14366;14366;Lisieux;2;Centres urbains intermédiaires;19807;0;72,82;0;24,7;0;2,28;0,2;Calvados;Normandie;5;11;1;1;2;5;1;1;1;1;0;0;1;1
14437;14437;Mondeville;1;Grands centres urbains;10075;86,97;0;0;12,81;0;0;0,23;Calvados;Normandie;1;4;0;2;1;0;1;1;0;0;0;0;1;1
14762;14762;Vire Normandie;2;Centres urbains intermédiaires;17135;0;36,45;0;26,33;3,37;20,95;12,91;Calvados;Normandie;2;4;2;2;1;2;1;1;0;1;0;0;1;0
16102;16102;Cognac;2;Centres urbains intermédiaires;18448;0;57,95;0;39,28;0;2,77;0;Charente;Nouvelle-Aquitaine;4;9;1;3;1;7;1;2;1;2;0;1;1;2
17306;17306;Royan;2;Centres urbains intermédiaires;19029;0;49,41;0;46,29;0;4,06;0,25;Charente-Maritime;Nouvelle-Aquitaine;6;24;6;1;1;0;0;1;1;0;0;0;0;0
19272;19272;Tulle;3;Petites villes;13992;0;0;85,01;0;0;14,08;0,91;Corrèze;Nouvelle-Aquitaine;3;4;0;1;1;0;1;2;2;2;0;2;3;4
21166;21166;Chenôve;1;Grands centres urbains;14445;93,43;0;0;6,4;0;0,03;0,14;Côte-d'Or;Bourgogne-Franche-Comté;0;4;0;2;0;0;1;1;0;0;0;0;0;0
21171;21171;Chevigny-Saint-Sauveur;2;Centres urbains intermédiaires;10944;0;85,38;0;9,6;0;4,8;0,21;Côte-d'Or;Bourgogne-Franche-Comté;0;0;0;0;0;0;0;1;0;0;0;0;0;0
21617;21617;Talant;1;Grands centres urbains;11894;96,75;0;0;1,39;0;1,86;0;Côte-d'Or;Bourgogne-Franche-Comté;1;1;0;3;0;0;0;1;0;0;1;0;0;0
22050;22050;Dinan;2;Centres urbains intermédiaires;14675;0;60,56;0;37,59;0;1,86;0;Côtes-d'Armor;Bretagne;4;13;1;2;1;5;1;1;1;2;0;0;1;1
22093;22093;Lamballe-Armor;5;Bourgs ruraux;16845;0;0;47,17;0;14,29;29,02;9,53;Côtes-d'Armor;Bretagne;2;5;1;2;1;1;1;4;0;1;0;0;1;1
22187;22187;Plérin;4;Ceintures urbaines;14704;16,86;0;0;57,06;3,26;22,25;0,57;Côtes-d'Armor;Bretagne;2;5;3;1;0;0;0;2;0;0;0;1;0;0
22215;22215;Ploufragan;1;Grands centres urbains;11369;50,82;0;0;27,5;3,74;16,49;1,45;Côtes-d'Armor;Bretagne;1;1;0;0;0;0;0;1;0;0;0;0;0;0
23096;23096;Guéret;2;Centres urbains intermédiaires;12840;0;58,77;0;29,28;0;11,67;0,28;Creuse;Nouvelle-Aquitaine;2;5;1;1;1;5;1;3;1;1;0;2;0;0
24053;24053;Boulazac Isle Manoire;5;Bourgs ruraux;10697;0;12,89;0;32,17;15,83;33,9;5,21;Dordogne;Nouvelle-Aquitaine;0;7;1;2;1;0;0;1;0;0;0;0;1;0
25031;25031;Audincourt;1;Grands centres urbains;13944;87,1;0;0;12,56;0;0,3;0,04;Doubs;Bourgogne-Franche-Comté;0;2;0;1;1;0;0;1;1;0;0;0;1;0
25462;25462;Pontarlier;2;Centres urbains intermédiaires;17849;0;86,08;0;10,88;0;2,51;0,52;Doubs;Bourgogne-Franche-Comté;3;7;1;2;1;6;1;1;0;1;0;0;0;0
25580;25580;Valentigney;1;Grands centres urbains;10765;80,31;0;0;19,68;0;0;0,01;Doubs;Bourgogne-Franche-Comté;0;0;0;1;0;0;0;2;0;0;0;0;0;0
26058;26058;Bourg-lès-Valence;1;Grands centres urbains;19581;81,81;0;0;11,26;0;6,45;0,48;Drôme;Auvergne-Rhône-Alpes;1;7;0;1;0;0;0;1;0;0;0;1;0;0
26235;26235;Pierrelatte;2;Centres urbains intermédiaires;13799;0;53,44;0;35,48;0;7,19;3,89;Drôme;Auvergne-Rhône-Alpes;0;6;0;1;1;2;1;1;0;0;0;1;0;0
26252;26252;Portes-lès-Valence;2;Centres urbains intermédiaires;10422;0;65,61;0;30,15;0;2,94;1,29;Drôme;Auvergne-Rhône-Alpes;1;3;0;0;1;1;0;1;0;0;0;0;1;1
27284;27284;Gisors;2;Centres urbains intermédiaires;11919;0;77,92;0;20,48;0;1,46;0,14;Eure;Normandie;1;1;0;1;1;1;0;1;1;0;0;1;0;0
27375;27375;Louviers;2;Centres urbains intermédiaires;18350;0;66,21;0;28,03;0;5,24;0,51;Eure;Normandie;3;2;1;1;1;5;0;1;1;1;0;1;1;1
27701;27701;Val-de-Reuil;2;Centres urbains intermédiaires;12647;0;81,83;0;16,38;0;1,03;0,76;Eure;Normandie;0;5;0;1;1;2;1;1;0;0;0;0;1;1
28088;28088;Châteaudun;3;Petites villes;12909;0;0;90,51;0;0;8,49;1;Eure-et-Loir;Centre-Val de Loire;2;2;1;0;1;3;0;1;1;1;1;1;2;2
28218;28218;Lucé;1;Grands centres urbains;15602;85,55;0;0;13,25;0;1,2;0;Eure-et-Loir;Centre-Val de Loire;0;2;0;0;0;0;1;1;0;0;0;2;0;0
28229;28229;Mainvilliers;1;Grands centres urbains;11057;90,06;0;0;5,38;0;3,87;0,69;Eure-et-Loir;Centre-Val de Loire;1;0;0;1;0;0;0;2;0;2;0;1;0;0
28404;28404;Vernouillet;2;Centres urbains intermédiaires;12455;0;71,09;0;28,86;0;0;0,05;Eure-et-Loir;Centre-Val de Loire;0;1;0;0;0;0;0;2;0;0;0;0;1;2
29046;29046;Douarnenez;3;Petites villes;14163;0;0;87,72;0;0;10,62;1,66;Finistère;Bretagne;3;11;5;1;1;1;0;1;0;1;0;0;0;0
29058;29058;Fouesnant;3;Petites villes;10098;0;0;67,62;0;0,19;30,77;1,42;Finistère;Bretagne;2;8;17;1;0;0;0;1;0;0;0;0;0;0
29075;29075;Guipavas;4;Ceintures urbaines;15460;9,8;0,03;0;73,78;0;14,03;2,37;Finistère;Bretagne;3;1;0;1;0;0;0;1;0;0;0;0;0;0
29103;29103;Landerneau;2;Centres urbains intermédiaires;16206;0;68,37;0;26,89;0;4,54;0,2;Finistère;Bretagne;2;2;0;0;1;2;0;1;0;0;0;1;0;0
29151;29151;Morlaix;2;Centres urbains intermédiaires;14903;0;60,2;0;28,17;3,94;5,53;2,15;Finistère;Bretagne;5;6;0;1;2;4;0;3;1;2;0;1;1;1
29189;29189;Plougastel-Daoulas;4;Ceintures urbaines;13445;0;0;0;57,18;0;41,99;0,84;Finistère;Bretagne;1;3;1;0;1;2;0;1;0;0;0;0;1;1
29212;29212;Plouzané;4;Ceintures urbaines;13473;0;0;0;88,23;0;9,19;2,58;Finistère;Bretagne;1;1;0;0;0;0;0;1;0;0;0;0;0;0
29233;29233;Quimperlé;2;Centres urbains intermédiaires;12313;0;48,16;0;43,31;0;6,76;1,77;Finistère;Bretagne;2;4;1;1;1;1;0;1;0;0;0;0;0;0
29235;29235;Le Relecq-Kerhuon;2;Centres urbains intermédiaires;11791;0;56,92;0;39,86;0;3;0,23;Finistère;Bretagne;0;1;0;0;0;0;0;1;0;0;0;0;0;0
2A247;2A247;Porto-Vecchio;3;Petites villes;11229;0;0;51,65;0;0;38,88;9,47;Corse-du-Sud;Corse;10;35;20;4;1;1;0;1;0;0;0;0;0;0
30028;30028;Bagnols-sur-Cèze;2;Centres urbains intermédiaires;18248;0;70,9;0;20,3;0;7,24;1,56;Gard;Occitanie;2;1;2;0;1;4;1;1;0;2;0;1;0;0
30032;30032;Beaucaire;2;Centres urbains intermédiaires;15680;0;49,75;0;37,89;0;5,78;6,58;Gard;Occitanie;1;2;0;1;0;0;1;1;0;2;0;1;0;0
30202;30202;Pont-Saint-Esprit;2;Centres urbains intermédiaires;10600;0;59,05;0;33,65;0;6,6;0,7;Gard;Occitanie;0;2;0;1;1;2;0;1;0;1;0;0;0;0
30258;30258;Saint-Gilles;2;Centres urbains intermédiaires;14264;0;55,16;0;31,33;0,06;6,94;6,51;Gard;Occitanie;0;3;1;1;0;0;0;1;0;2;0;0;0;0
30341;30341;Vauvert;2;Centres urbains intermédiaires;11774;0;62,39;0;18,8;5,38;8,21;5,22;Gard;Occitanie;0;3;2;4;0;0;0;1;0;0;0;0;0;0
30351;30351;Villeneuve-lès-Avignon;1;Grands centres urbains;12617;88,99;0;0;6,85;0;3,32;0,85;Gard;Occitanie;7;5;2;2;0;0;0;1;0;2;2;0;1;1
31033;31033;Auterive;3;Petites villes;10126;0;0;81,03;0;0;16,87;2,11;Haute-Garonne;Occitanie;1;1;0;0;1;1;0;1;0;0;0;0;0;0
31044;31044;Balma;1;Grands centres urbains;17385;75,19;0;0;21,25;0;3,18;0,38;Haute-Garonne;Occitanie;4;2;0;1;0;0;0;1;0;0;0;0;1;1
31113;31113;Castanet-Tolosan;2;Centres urbains intermédiaires;14903;0;69,42;0;28,89;0;1,34;0,35;Haute-Garonne;Occitanie;1;0;0;3;1;1;0;0;0;0;0;0;0;0
31116;31116;Castelginest;1;Grands centres urbains;10876;76,41;0;0;19,89;0;3,69;0;Haute-Garonne;Occitanie;0;0;0;0;1;1;0;0;0;0;0;0;0;0
31187;31187;Fonsorbes;2;Centres urbains intermédiaires;12546;0;52,43;0;38,16;2,78;6,15;0,49;Haute-Garonne;Occitanie;1;0;0;0;0;0;0;1;0;0;0;0;0;0
31424;31424;Plaisance-du-Touch;1;Grands centres urbains;19944;80,38;0;0;11,13;1,68;5,77;1,04;Haute-Garonne;Occitanie;4;0;0;1;1;3;0;1;0;0;0;0;0;0
31446;31446;Ramonville-Saint-Agne;1;Grands centres urbains;14949;77,65;0;0;22,19;0;0,11;0,06;Haute-Garonne;Occitanie;2;3;0;2;1;1;0;1;0;0;0;0;1;1
31483;31483;Saint-Gaudens;2;Centres urbains intermédiaires;11613;0;53,25;0;33,1;0;12,55;1,1;Haute-Garonne;Occitanie;2;3;0;2;1;7;0;2;0;2;0;1;1;1
31488;31488;Saint-Jean;1;Grands centres urbains;11243;71,82;0;0;27,96;0;0;0,22;Haute-Garonne;Occitanie;2;0;0;0;0;0;0;1;0;0;0;0;0;0
31506;31506;Saint-Orens-de-Gameville;2;Centres urbains intermédiaires;13766;0;76,26;0;21,88;0;1,62;0,24;Haute-Garonne;Occitanie;3;0;0;1;0;0;0;1;0;0;0;0;1;1
31561;31561;L'Union;1;Grands centres urbains;12358;87,22;0;0;12,65;0;0;0,13;Haute-Garonne;Occitanie;3;4;0;1;1;1;0;1;0;0;0;0;0;0
31588;31588;Villeneuve-Tolosane;1;Grands centres urbains;10369;82,57;0;0;17,4;0;0;0,03;Haute-Garonne;Occitanie;1;1;0;0;0;0;0;1;0;0;0;0;0;0
33003;33003;Ambarès-et-Lagrave;2;Centres urbains intermédiaires;16798;0;59,91;0;37,18;0;2,64;0,27;Gironde;Nouvelle-Aquitaine;1;1;0;0;0;0;0;1;0;0;0;0;0;0
33005;33005;Andernos-les-Bains;3;Petites villes;12472;0;0;94,93;0;0;4,65;0,42;Gironde;Nouvelle-Aquitaine;3;6;3;1;1;0;0;1;1;0;0;1;0;0
33009;33009;Arcachon;4;Ceintures urbaines;11259;0;43,38;0;55,46;0;0,76;0,4;Gironde;Nouvelle-Aquitaine;3;23;1;2;1;3;0;1;1;1;0;1;1;1
33051;33051;Biganos;2;Centres urbains intermédiaires;11095;0;45,83;0;40,48;0;12,02;1,67;Gironde;Nouvelle-Aquitaine;1;1;1;1;1;1;0;1;0;0;0;0;0;0
33056;33056;Blanquefort;1;Grands centres urbains;16004;50,24;0;0;47,03;0;1,76;0,96;Gironde;Nouvelle-Aquitaine;2;2;0;1;1;2;0;1;0;0;1;0;1;1
33122;33122;Cestas;4;Ceintures urbaines;16789;0;0;0;84,24;0,86;12,6;2,3;Gironde;Nouvelle-Aquitaine;4;2;0;0;1;2;0;1;0;0;0;0;0;0
33167;33167;Floirac;1;Grands centres urbains;17749;95,13;0;0;4,85;0;0,02;0;Gironde;Nouvelle-Aquitaine;2;2;0;5;0;0;0;2;0;0;0;1;1;0
33200;33200;Le Haillan;1;Grands centres urbains;11572;83,62;0;0;15,47;0;0,77;0,14;Gironde;Nouvelle-Aquitaine;1;1;0;0;1;1;0;1;0;0;0;0;1;1
33238;33238;Léognan;4;Ceintures urbaines;10708;0,22;0;0;86,47;0;12,8;0,51;Gironde;Nouvelle-Aquitaine;1;0;0;1;1;1;0;1;0;0;1;0;1;1
33284;33284;Mios;5;Bourgs ruraux;11469;0;0;48,63;0;13,09;35,57;2,7;Gironde;Nouvelle-Aquitaine;0;3;1;0;0;0;0;1;0;0;0;1;0;0
33312;33312;Parempuyre;2;Centres urbains intermédiaires;10142;0;65,6;0;27,69;0;5,04;1,67;Gironde;Nouvelle-Aquitaine;1;0;0;1;0;0;0;1;0;0;0;0;0;0
33366;33366;Saint-André-de-Cubzac;2;Centres urbains intermédiaires;12854;0;46,77;0;36,97;0;16,24;0,02;Gironde;Nouvelle-Aquitaine;1;0;1;2;1;0;0;1;0;0;0;0;0;0
33433;33433;Saint-Loubès;4;Ceintures urbaines;10005;0;0;0;81,93;0;16,93;1,14;Gironde;Nouvelle-Aquitaine;1;2;0;0;0;0;0;1;0;0;0;0;1;1
33519;33519;Le Taillan-Médoc;1;Grands centres urbains;10727;73,57;0;0;23,94;0;2,33;0,15;Gironde;Nouvelle-Aquitaine;1;0;0;0;0;0;0;1;0;0;0;0;0;0
34123;34123;Juvignac;4;Ceintures urbaines;12783;46,4;0;0;52,04;0;1,08;0,49;Hérault;Occitanie;2;2;0;0;0;0;0;1;0;0;0;0;0;0
34129;34129;Lattes;1;Grands centres urbains;17544;65,32;0;0;30,27;0;3,79;0,62;Hérault;Occitanie;1;7;6;1;1;12;0;1;0;1;0;0;1;1
34154;34154;Mauguio;2;Centres urbains intermédiaires;16596;0;60,77;0;29,29;0;6,65;3,3;Hérault;Occitanie;3;12;1;3;0;0;0;2;0;0;1;0;0;0
34157;34157;Mèze;2;Centres urbains intermédiaires;12664;0;86,89;0;5,3;0;4,1;3,71;Hérault;Occitanie;1;3;1;1;1;1;0;2;0;0;0;0;0;0
34255;34255;Saint-Gély-du-Fesc;2;Centres urbains intermédiaires;10537;0;68,16;0;24,71;0;6,38;0,74;Hérault;Occitanie;2;0;0;1;1;0;0;0;0;0;0;0;0;0
34270;34270;Saint-Jean-de-Védas;1;Grands centres urbains;12570;62,72;0;0;30,58;0;6,16;0,54;Hérault;Occitanie;1;9;0;1;0;0;0;2;0;0;0;0;1;0
34337;34337;Villeneuve-lès-Maguelone;2;Centres urbains intermédiaires;10405;0;68,76;0;22,43;0;7,64;1,17;Hérault;Occitanie;0;0;1;1;0;0;0;1;0;0;0;0;0;0
35024;35024;Betton;2;Centres urbains intermédiaires;12695;0;56,2;0;31,32;0;10,11;2,37;Ille-et-Vilaine;Bretagne;1;1;0;1;1;1;0;1;1;0;0;0;0;0
35047;35047;Bruz;2;Centres urbains intermédiaires;19651;0;58,01;0;32,85;2,97;5,13;1,03;Ille-et-Vilaine;Bretagne;3;3;1;1;2;1;0;1;1;0;0;0;1;1
35051;35051;Cesson-Sévigné;1;Grands centres urbains;17716;77,24;0,01;0;13,44;0;7,58;1,72;Ille-et-Vilaine;Bretagne;3;12;0;0;1;1;0;1;0;0;0;0;0;0
35055;35055;Chantepie;1;Grands centres urbains;10232;84,69;0;0;7,72;0;7,06;0,52;Ille-et-Vilaine;Bretagne;0;7;1;0;0;0;1;1;0;0;0;0;0;0
35069;35069;Châteaugiron;3;Petites villes;10518;0;0;74,7;0;11,06;11,88;2,36;Ille-et-Vilaine;Bretagne;0;1;1;1;1;1;0;3;0;0;0;0;0;0
35093;35093;Dinard;2;Centres urbains intermédiaires;10219;0;55,49;0;40,6;0;3,85;0,06;Ille-et-Vilaine;Bretagne;2;17;1;3;1;2;0;1;0;0;0;1;0;0
35210;35210;Pacé;2;Centres urbains intermédiaires;11918;0;62,23;0;26,07;0,08;8,42;3,2;Ille-et-Vilaine;Bretagne;0;0;0;1;0;0;0;1;0;0;0;0;0;0
35281;35281;Saint-Jacques-de-la-Lande;1;Grands centres urbains;13656;80,64;0;0;18,72;0;0,22;0,42;Ille-et-Vilaine;Bretagne;1;3;0;1;0;0;0;1;0;0;0;0;2;3
35360;35360;Vitré;2;Centres urbains intermédiaires;18998;0;55,13;0;37,51;0;4,91;2,45;Ille-et-Vilaine;Bretagne;5;7;1;2;1;3;1;1;0;2;0;1;1;3
36088;36088;Issoudun;2;Centres urbains intermédiaires;10992;0;60,31;0;31,67;0;5,97;2,04;Indre;Centre-Val de Loire;1;5;1;1;1;3;0;1;0;1;0;1;1;2
37003;37003;Amboise;3;Petites villes;12938;0;0;94,13;0;0;4,82;1,05;Indre-et-Loire;Centre-Val de Loire;4;18;1;4;1;2;0;1;0;2;1;1;0;0
37050;37050;Chambray-lès-Tours;1;Grands centres urbains;11589;82,17;0;0;7,44;0;9,3;1,1;Indre-et-Loire;Centre-Val de Loire;1;11;0;4;1;1;0;1;0;0;0;1;0;0
37109;37109;Fondettes;4;Ceintures urbaines;10741;0;0;0;84,62;0,19;13,77;1,42;Indre-et-Loire;Centre-Val de Loire;1;0;0;1;0;0;0;0;0;0;0;0;0;0
37156;37156;Montlouis-sur-Loire;4;Ceintures urbaines;11048;0;0;0;86,47;0;11,44;2,09;Indre-et-Loire;Centre-Val de Loire;0;2;1;3;0;0;0;1;0;0;0;1;0;0
37195;37195;La Riche;1;Grands centres urbains;10325;78,87;0;0;15,34;0;5,59;0,2;Indre-et-Loire;Centre-Val de Loire;0;0;0;3;1;1;0;1;0;1;0;0;1;1
37208;37208;Saint-Avertin;1;Grands centres urbains;15000;82,32;0;0;17,48;0;0;0,2;Indre-et-Loire;Centre-Val de Loire;2;3;1;2;0;0;0;1;0;0;0;0;0;0
37214;37214;Saint-Cyr-sur-Loire;1;Grands centres urbains;17004;60,59;0;0;38,83;0;0,37;0,21;Indre-et-Loire;Centre-Val de Loire;3;0;0;4;1;1;0;1;0;0;0;1;0;0
37233;37233;Saint-Pierre-des-Corps;1;Grands centres urbains;15909;95,36;0;0;4,05;0;0,5;0,1;Indre-et-Loire;Centre-Val de Loire;1;3;0;2;1;1;0;2;0;0;0;1;0;0
38085;38085;Charvieu-Chavagneux;4;Ceintures urbaines;10280;0;0;0;98,12;0;1,85;0,03;Isère;Auvergne-Rhône-Alpes;0;0;0;2;0;0;0;1;0;0;0;0;0;0
38193;38193;L'Isle-d'Abeau;2;Centres urbains intermédiaires;17206;0;71,71;0;27,11;0;1,18;0;Isère;Auvergne-Rhône-Alpes;4;4;0;0;0;0;0;1;0;0;0;0;0;0
38229;38229;Meylan;1;Grands centres urbains;18573;84,84;0;0;13,9;0;0,92;0,34;Isère;Auvergne-Rhône-Alpes;2;3;0;1;0;0;1;5;0;0;0;1;1;1
38317;38317;Le Pont-de-Claix;1;Grands centres urbains;10805;85,15;0;0;12,9;0;1,95;0;Isère;Auvergne-Rhône-Alpes;1;1;1;0;0;0;1;1;0;0;0;1;0;0
38382;38382;Saint-Égrève;1;Grands centres urbains;16995;71,22;0;0;26,71;0;2,07;0;Isère;Auvergne-Rhône-Alpes;1;2;0;0;1;2;1;3;0;0;0;1;0;0
38474;38474;Sassenage;1;Grands centres urbains;11660;88,87;0;0;9,14;0;1,74;0,26;Isère;Auvergne-Rhône-Alpes;0;1;0;0;0;0;1;1;0;0;0;0;1;1
38485;38485;Seyssinet-Pariset;1;Grands centres urbains;11753;96,54;0;0;0;0;3,18;0,28;Isère;Auvergne-Rhône-Alpes;1;1;0;0;0;0;1;1;0;0;0;0;1;1
38553;38553;Villefontaine;2;Centres urbains intermédiaires;19083;0;92,57;0;6,59;0;0,84;0;Isère;Auvergne-Rhône-Alpes;1;2;0;0;1;0;1;3;0;0;0;1;1;1
39300;39300;Lons-le-Saunier;2;Centres urbains intermédiaires;17043;0;77,91;0;21,44;0;0,65;0;Jura;Bourgogne-Franche-Comté;7;7;1;1;3;12;1;3;2;3;0;0;1;1
40046;40046;Biscarrosse;3;Petites villes;14551;0;0;68,75;0;9,96;18,1;3,19;Landes;Nouvelle-Aquitaine;2;13;19;3;1;4;0;1;1;1;0;0;1;1
40279;40279;Saint-Paul-lès-Dax;2;Centres urbains intermédiaires;14317;0;51,42;0;38,92;0;5,96;3,7;Landes;Nouvelle-Aquitaine;1;8;3;0;0;0;0;1;0;0;0;0;0;0
40312;40312;Tarnos;4;Ceintures urbaines;12920;47,54;0;0;45,94;0;6,2;0,31;Landes;Nouvelle-Aquitaine;2;1;1;2;1;12;0;1;0;0;0;1;0;0
41194;41194;Romorantin-Lanthenay;3;Petites villes;18115;0;35,89;0;56,22;0;6,67;1,22;Loir-et-Cher;Centre-Val de Loire;3;4;1;1;1;3;0;1;0;1;0;1;1;1
41269;41269;Vendôme;2;Centres urbains intermédiaires;15747;0;73,76;0;21,29;0;4,55;0,4;Loir-et-Cher;Centre-Val de Loire;3;6;1;2;1;5;0;2;0;1;0;1;2;2
42005;42005;Andrézieux-Bouthéon;2;Centres urbains intermédiaires;10187;0;55,27;0;39,7;0;4,64;0,39;Loire;Auvergne-Rhône-Alpes;6;3;0;0;0;0;1;4;0;0;0;0;1;1
42044;42044;Le Chambon-Feugerolles;2;Centres urbains intermédiaires;12066;0;53,71;0;42,05;0;2,86;1,38;Loire;Auvergne-Rhône-Alpes;0;1;0;0;0;0;0;1;0;0;0;1;0;0
42095;42095;Firminy;2;Centres urbains intermédiaires;17137;0;90,66;0;6,15;0;3,17;0,02;Loire;Auvergne-Rhône-Alpes;3;2;0;0;1;2;0;1;1;0;0;1;1;1
42147;42147;Montbrison;2;Centres urbains intermédiaires;16064;0;66,58;0;29,71;0;3,09;0,62;Loire;Auvergne-Rhône-Alpes;2;2;1;2;1;5;0;2;0;2;0;2;0;0
42184;42184;Riorges;2;Centres urbains intermédiaires;11045;0;65,03;0;31,78;0;2,85;0,34;Loire;Auvergne-Rhône-Alpes;4;0;0;1;0;0;0;0;0;0;0;0;0;0
42186;42186;Rive-de-Gier;2;Centres urbains intermédiaires;15214;0;67,6;0;31,83;0;0,43;0,14;Loire;Auvergne-Rhône-Alpes;1;0;0;0;1;2;1;1;0;0;0;1;0;0
42279;42279;Saint-Just-Saint-Rambert;4;Ceintures urbaines;15419;0;0,11;0;87,37;0;10,85;1,66;Loire;Auvergne-Rhône-Alpes;0;0;1;0;1;7;0;1;0;1;0;0;0;0
43157;43157;Le Puy-en-Velay;2;Centres urbains intermédiaires;18629;0;65,83;0;31,93;0;1,79;0,45;Haute-Loire;Auvergne-Rhône-Alpes;5;11;0;3;1;6;1;2;1;1;1;3;2;2
44003;44003;Ancenis-Saint-Géréon;3;Petites villes;11099;0;0;91,69;0;0;5,8;2,51;Loire-Atlantique;Pays de la Loire;5;2;1;2;1;0;0;1;0;0;0;0;1;1
44015;44015;Blain;3;Petites villes;10187;0;0;52,42;0;0;33,46;14,12;Loire-Atlantique;Pays de la Loire;1;2;1;1;1;1;0;2;0;1;0;0;0;0
44036;44036;Châteaubriant;3;Petites villes;12189;0;0;87,22;0;0;9,59;3,19;Loire-Atlantique;Pays de la Loire;3;7;1;0;1;4;1;1;0;1;0;0;1;1
44055;44055;La Baule-Escoublac;2;Centres urbains intermédiaires;16468;0;49,45;0;42,72;0;6,74;1,09;Loire-Atlantique;Pays de la Loire;6;26;5;3;1;5;1;1;1;0;0;2;0;0
44069;44069;Guérande;4;Ceintures urbaines;16151;0;1,75;0;59,36;7,83;28,38;2,67;Loire-Atlantique;Pays de la Loire;4;6;6;3;1;6;0;1;1;1;0;1;1;1
44129;44129;Pontchâteau;3;Petites villes;11075;0;0;52,62;0;0;45,64;1,74;Loire-Atlantique;Pays de la Loire;1;2;1;0;1;1;0;1;0;0;0;0;0;0
44131;44131;Pornic;3;Petites villes;17910;0;0;71,37;0;0,01;22,87;5,74;Loire-Atlantique;Pays de la Loire;3;6;7;1;2;2;0;1;0;0;0;0;0;0
44132;44132;Pornichet;4;Ceintures urbaines;12121;0;26,42;0;68,2;0;5,38;0;Loire-Atlantique;Pays de la Loire;6;11;5;1;0;0;0;1;0;0;0;0;1;1
44154;44154;Saint-Brevin-les-Pins;3;Petites villes;14411;0;0;90,67;0;0;8,74;0,59;Loire-Atlantique;Pays de la Loire;2;5;6;1;1;3;0;0;0;0;0;0;0;0
44172;44172;Sainte-Luce-sur-Loire;1;Grands centres urbains;15527;80,55;0,09;0;18,74;0;0,48;0,13;Loire-Atlantique;Pays de la Loire;1;4;1;0;0;0;0;1;0;0;0;0;0;0
44204;44204;Thouaré-sur-Loire;2;Centres urbains intermédiaires;10783;0;68,99;0;23,37;0;7,3;0,33;Loire-Atlantique;Pays de la Loire;1;2;0;0;0;0;0;1;0;0;0;0;0;0
44209;44209;Treillières;3;Petites villes;10230;0;0;67,14;4,97;0;26,13;1,76;Loire-Atlantique;Pays de la Loire;0;1;0;0;0;0;0;1;0;0;0;0;0;0
45004;45004;Amilly;4;Ceintures urbaines;13267;0;5,02;0;79,34;0;14,62;1,03;Loiret;Centre-Val de Loire;1;4;0;1;0;0;0;1;0;0;0;0;0;0
45068;45068;Châlette-sur-Loing;2;Centres urbains intermédiaires;12728;0;61,44;0;38,04;0;0,52;0;Loiret;Centre-Val de Loire;0;0;0;0;0;0;0;1;0;0;0;0;0;0
45075;45075;La Chapelle-Saint-Mesmin;1;Grands centres urbains;10218;79;0;0;15,27;0;5,69;0,04;Loiret;Centre-Val de Loire;0;7;0;1;0;0;0;1;0;0;0;1;0;0
45155;45155;Gien;3;Petites villes;13387;0;37,44;0;49,37;0;11,25;1,95;Loiret;Centre-Val de Loire;2;4;1;2;1;1;0;2;0;1;0;1;0;0
45208;45208;Montargis;2;Centres urbains intermédiaires;15061;0;91,62;0;8,2;0;0;0,19;Loiret;Centre-Val de Loire;3;5;1;1;1;9;1;1;0;2;0;1;0;0
45285;45285;Saint-Jean-de-la-Ruelle;1;Grands centres urbains;16594;100;0;0;0;0;0;0;Loiret;Centre-Val de Loire;0;0;1;0;0;0;1;3;0;0;0;0;0;0
45302;45302;Saran;4;Ceintures urbaines;16679;34,61;0;0;62,96;0;2,37;0,06;Loiret;Centre-Val de Loire;2;10;0;0;1;10;0;1;0;0;0;0;1;1
47157;47157;Marmande;2;Centres urbains intermédiaires;17239;0;55,78;0;27,65;0;14,74;1,84;Lot-et-Garonne;Nouvelle-Aquitaine;4;5;0;1;1;4;1;1;2;1;1;1;0;0
48095;48095;Mende;3;Petites villes;12316;0;42,7;0;49,17;0;6,43;1,7;Lozère;Occitanie;4;9;2;2;1;3;1;4;0;1;0;3;2;2
49015;49015;Avrillé;1;Grands centres urbains;14938;68,6;0;0;28,54;0;1,98;0,88;Maine-et-Loire;Pays de la Loire;0;1;0;0;0;0;0;2;0;0;0;0;1;1
49018;49018;Baugé-en-Anjou;6;Rural à habitat dispersé;11757;0;0;0;0;30,84;43,18;25,98;Maine-et-Loire;Pays de la Loire;2;2;1;0;1;1;0;2;0;1;1;0;0;0
49050;49050;Brissac Loire Aubance;5;Bourgs ruraux;10895;0;0;0;3,88;48,42;35,98;11,72;Maine-et-Loire;Pays de la Loire;0;1;3;1;0;0;0;3;0;0;0;0;0;0
49069;49069;Orée d'Anjou;5;Bourgs ruraux;16709;0;0;0;0;51,65;35,01;13,34;Maine-et-Loire;Pays de la Loire;0;2;3;1;0;0;0;7;0;0;0;0;0;0
49125;49125;Doué-en-Anjou;3;Petites villes;11228;0;0;58,67;0;0;31,73;9,6;Maine-et-Loire;Pays de la Loire;2;4;3;1;0;0;0;1;0;0;0;0;1;1
49218;49218;Montrevault-sur-Èvre;5;Bourgs ruraux;15755;0;0;0;0;45,53;36,75;17,73;Maine-et-Loire;Pays de la Loire;1;0;0;0;0;0;0;14;0;0;0;0;0;0
49244;49244;Mauges-sur-Loire;5;Bourgs ruraux;18331;0;0;0;0;60,13;26,01;13,86;Maine-et-Loire;Pays de la Loire;1;5;3;0;3;2;0;11;0;1;0;0;0;0
49246;49246;Les Ponts-de-Cé;1;Grands centres urbains;12725;59,82;0;0;36,39;0;3,11;0,68;Maine-et-Loire;Pays de la Loire;1;5;1;1;1;0;0;1;0;0;0;0;1;1
49307;49307;Loire-Authion;5;Bourgs ruraux;16416;0;0;0;0;60,65;33,48;5,87;Maine-et-Loire;Pays de la Loire;3;2;3;2;0;0;0;7;0;0;0;0;0;0
49331;49331;Segré-en-Anjou Bleu;5;Bourgs ruraux;17699;0;0;40,64;0;10,76;33,54;15,06;Maine-et-Loire;Pays de la Loire;1;1;1;2;1;3;0;11;0;0;0;0;0;0
49353;49353;Trélazé;1;Grands centres urbains;15358;73,79;0;0;25,94;0;0,11;0,17;Maine-et-Loire;Pays de la Loire;1;1;0;0;0;0;0;1;0;1;0;0;0;0
50025;50025;Avranches;2;Centres urbains intermédiaires;10240;0;52,17;0;41,99;0;5,77;0,07;Manche;Normandie;2;3;1;5;1;3;0;2;1;1;0;0;0;0
50041;50041;La Hague;6;Rural à habitat dispersé;11223;0;0;0;0,99;22,11;66,03;10,87;Manche;Normandie;1;8;3;1;0;0;0;12;0;1;3;0;0;0
50099;50099;Carentan-les-Marais;3;Petites villes;10220;0;0;58,7;0;0;29,87;11,43;Manche;Normandie;1;4;1;2;1;2;0;1;0;0;0;0;0;0
50218;50218;Granville;2;Centres urbains intermédiaires;12581;0;76,58;0;20,08;0;2,04;1,29;Manche;Normandie;6;8;1;2;1;3;1;1;1;4;0;0;1;1
50502;50502;Saint-Lô;2;Centres urbains intermédiaires;19373;0;68,86;0;26,13;0;4,35;0,65;Manche;Normandie;5;9;0;4;1;9;1;3;1;2;0;2;2;1
51573;51573;Tinqueux;1;Grands centres urbains;10552;90,84;0;0;8,74;0;0;0,42;Marne;Grand Est;1;8;0;0;0;0;0;1;0;0;0;0;0;0
51649;51649;Vitry-le-François;2;Centres urbains intermédiaires;11454;0;86,71;0;9,8;0;3,49;0;Marne;Grand Est;1;3;1;2;1;3;0;2;0;1;0;0;1;0
53062;53062;Château-Gontier-sur-Mayenne;2;Centres urbains intermédiaires;16710;0;49,02;0;37,95;0;8,04;4,99;Mayenne;Pays de la Loire;4;3;1;0;1;3;1;1;1;1;0;1;2;2
53147;53147;Mayenne;2;Centres urbains intermédiaires;12900;0;51,6;0;42,1;0;4,81;1,49;Mayenne;Pays de la Loire;2;6;1;1;1;3;1;1;1;1;0;0;2;2
54304;54304;Laxou;1;Grands centres urbains;14671;92,55;0;0;6,29;0;1,06;0,1;Meurthe-et-Moselle;Grand Est;1;4;0;0;0;0;0;3;0;0;0;0;0;0
54323;54323;Longwy;2;Centres urbains intermédiaires;15191;0;78,38;0;20,72;0;0,9;0;Meurthe-et-Moselle;Grand Est;0;3;0;2;1;7;0;2;0;1;0;1;0;0
54329;54329;Lunéville;2;Centres urbains intermédiaires;17755;0;74,77;0;23,47;0;1,43;0,32;Meurthe-et-Moselle;Grand Est;3;2;1;0;1;0;0;2;0;1;0;1;1;1
54431;54431;Pont-à-Mousson;2;Centres urbains intermédiaires;14338;0;70,14;0;22,24;0,21;7,04;0,37;Meurthe-et-Moselle;Grand Est;3;4;0;1;1;2;0;1;0;1;0;0;0;0
54482;54482;Saint-Max;1;Grands centres urbains;10073;99,14;0;0;0,86;0;0;0;Meurthe-et-Moselle;Grand Est;0;0;0;1;1;2;0;1;0;0;0;0;0;0
54528;54528;Toul;2;Centres urbains intermédiaires;15849;0;77,04;0;17,78;0;4,18;1;Meurthe-et-Moselle;Grand Est;1;3;0;0;1;1;0;2;0;1;0;1;0;0
54578;54578;Villers-lès-Nancy;4;Ceintures urbaines;14761;49,89;0;0;50,01;0;0;0,09;Meurthe-et-Moselle;Grand Est;0;0;1;0;0;0;0;0;0;0;1;0;0;0
54580;54580;Villerupt;4;Ceintures urbaines;10069;0;0;0;94,72;0;4,99;0,28;Meurthe-et-Moselle;Grand Est;2;0;0;0;1;1;0;2;0;0;0;0;0;0
55029;55029;Bar-le-Duc;2;Centres urbains intermédiaires;14668;0;68,81;0;26,61;0;4,12;0,46;Meuse;Grand Est;5;3;1;1;1;5;1;2;1;1;0;1;1;2
55545;55545;Verdun;2;Centres urbains intermédiaires;16689;0;58,85;0;37,99;0;2,59;0,57;Meuse;Grand Est;3;10;1;7;1;8;0;1;0;1;0;1;1;1
56007;56007;Auray;2;Centres urbains intermédiaires;14222;0;74,38;0;21,87;0;3,75;0;Morbihan;Bretagne;8;9;0;2;1;5;0;1;0;0;0;1;1;1
56078;56078;Guidel;4;Ceintures urbaines;11947;0;0;0;65,25;0,04;31,26;3,45;Morbihan;Bretagne;0;0;5;1;0;0;0;1;0;0;0;0;0;0
56083;56083;Hennebont;3;Petites villes;15746;0;38,39;0;56,59;0;4,5;0,51;Morbihan;Bretagne;2;1;1;1;0;0;0;1;0;0;0;1;0;0
56162;56162;Ploemeur;4;Ceintures urbaines;18591;3,31;0;0;72,64;5,94;17,33;0,79;Morbihan;Bretagne;1;2;7;0;0;0;0;1;1;0;0;1;0;0
56178;56178;Pontivy;2;Centres urbains intermédiaires;14774;0;56,29;0;31,84;0;11,55;0,32;Morbihan;Bretagne;2;6;1;2;1;5;1;1;0;0;0;1;0;0
56206;56206;Saint-Avé;4;Ceintures urbaines;11927;0,26;0;0;85,86;0;13,87;0,01;Morbihan;Bretagne;0;0;0;0;0;0;0;1;0;0;0;0;2;1
57019;57019;Amnéville;2;Centres urbains intermédiaires;10828;0;88,32;0;0;9,02;1,96;0,7;Moselle;Grand Est;1;5;0;2;1;0;1;1;0;0;0;0;0;0
57160;57160;Creutzwald;4;Ceintures urbaines;12514;0;0;0;99,23;0;0;0,77;Moselle;Grand Est;4;3;0;0;0;0;0;1;0;0;0;0;0;0
57206;57206;Fameck;1;Grands centres urbains;14798;74,75;0;0;25,1;0;0;0,15;Moselle;Grand Est;2;0;0;0;0;0;0;1;0;0;0;0;0;0
57221;57221;Florange;1;Grands centres urbains;11869;99,04;0;0;0;0;0,48;0,47;Moselle;Grand Est;1;0;0;0;0;0;0;1;0;0;0;0;1;1
57240;57240;Freyming-Merlebach;2;Centres urbains intermédiaires;13027;0;68,05;0;27,52;0;4,41;0,02;Moselle;Grand Est;0;3;0;0;1;10;0;1;0;0;0;1;0;0
57306;57306;Hayange;1;Grands centres urbains;15968;65,23;0;0;30,86;0;3,8;0,11;Moselle;Grand Est;1;1;0;1;0;0;0;1;0;0;0;0;0;0
57433;57433;Maizières-lès-Metz;2;Centres urbains intermédiaires;11792;0;77,78;0;20,28;0;1,64;0,3;Moselle;Grand Est;0;0;0;0;0;0;0;1;0;0;0;0;0;0
57606;57606;Saint-Avold;2;Centres urbains intermédiaires;15045;0;51,07;0;44,62;0;3,79;0,52;Moselle;Grand Est;3;5;1;1;1;1;0;1;0;0;0;2;0;0
57630;57630;Sarrebourg;2;Centres urbains intermédiaires;12359;0;59,62;0;34,54;0;5,52;0,32;Moselle;Grand Est;2;2;0;1;1;5;1;1;0;1;0;1;0;0
57660;57660;Stiring-Wendel;2;Centres urbains intermédiaires;11067;0;71,87;0;28,13;0;0;0;Moselle;Grand Est;0;0;0;1;0;0;0;1;0;0;0;0;0;0
57751;57751;Woippy;1;Grands centres urbains;14302;77,24;0;0;21,18;0;0,76;0,83;Moselle;Grand Est;1;4;0;0;0;0;0;0;0;0;0;0;0;0
57757;57757;Yutz;2;Centres urbains intermédiaires;17401;0;66,03;0;33,13;0;0,82;0,02;Moselle;Grand Est;2;4;0;0;0;0;0;1;0;0;0;0;0;0
59011;59011;Annœullin;2;Centres urbains intermédiaires;10780;0;77,84;0;19,03;0;3;0,13;Nord;Hauts-de-France;0;0;0;0;0;0;0;1;0;0;0;0;0;0
59014;59014;Anzin;1;Grands centres urbains;13422;100;0;0;0;0;0;0;Nord;Hauts-de-France;1;0;0;3;0;0;0;1;0;1;0;0;1;1
59043;59043;Bailleul;2;Centres urbains intermédiaires;14869;0;71,61;0;5,3;3,48;15,64;3,97;Nord;Hauts-de-France;2;2;1;0;1;1;0;2;0;2;0;0;0;0
59112;59112;Bruay-sur-l'Escaut;1;Grands centres urbains;11309;95,3;0;0;1,36;0;3,24;0,09;Nord;Hauts-de-France;0;0;0;0;0;0;0;1;0;0;0;0;0;0
59139;59139;Caudry;2;Centres urbains intermédiaires;14070;0;60,79;0;34,72;0;4,43;0,06;Nord;Hauts-de-France;2;1;0;0;1;2;0;2;0;1;0;0;1;1
59152;59152;Comines;2;Centres urbains intermédiaires;12671;0;63,76;0;31,95;0;3,27;1,03;Nord;Hauts-de-France;0;0;0;0;0;0;0;1;0;0;0;0;0;0
59179;59179;Douchy-les-Mines;2;Centres urbains intermédiaires;10207;0;65,24;0;32,15;0;2,42;0,18;Nord;Hauts-de-France;0;0;0;0;1;1;0;1;0;1;0;0;0;0
59220;59220;Faches-Thumesnil;1;Grands centres urbains;18110;94,44;0;0;5,56;0;0;0;Nord;Hauts-de-France;3;1;0;0;0;0;0;1;0;0;0;0;0;0
59249;59249;Fourmies;2;Centres urbains intermédiaires;11456;0;80,12;0;14,6;0,01;3,99;1,28;Nord;Hauts-de-France;0;2;1;1;1;1;0;1;1;2;0;0;1;1
59273;59273;Gravelines;3;Petites villes;11223;0;0;95,98;0;0;3,56;0,46;Nord;Hauts-de-France;0;3;1;1;1;2;0;2;0;1;0;1;0;0
59286;59286;Haubourdin;1;Grands centres urbains;14757;95,43;0;0;4,03;0;0,54;0;Nord;Hauts-de-France;0;0;0;0;0;0;0;1;0;0;0;0;0;0
59291;59291;Hautmont;2;Centres urbains intermédiaires;14182;0;75,58;0;23,49;0;0,93;0;Nord;Hauts-de-France;0;0;0;0;1;1;0;1;0;0;0;1;0;0
59299;59299;Hem;1;Grands centres urbains;18713;98,11;0;0;1,16;0;0,71;0,02;Nord;Hauts-de-France;0;1;0;1;0;0;0;0;0;0;0;0;1;1
59324;59324;Jeumont;2;Centres urbains intermédiaires;10342;0;64,69;0;34,55;0;0,01;0,75;Nord;Hauts-de-France;0;0;0;1;1;1;0;1;0;0;0;0;2;2
59367;59367;Lys-lez-Lannoy;1;Grands centres urbains;13793;100;0;0;0;0;0;0;Nord;Hauts-de-France;1;0;0;0;0;0;0;1;0;0;0;0;0;0
59383;59383;Marly;1;Grands centres urbains;12024;97,3;0;0;2,3;0;0;0,4;Nord;Hauts-de-France;0;1;0;0;0;0;0;0;0;0;0;0;0;0
59386;59386;Marquette-lez-Lille;1;Grands centres urbains;11213;99,96;0;0;0;0;0,04;0;Nord;Hauts-de-France;0;0;0;0;0;0;1;1;0;0;0;1;0;0
59421;59421;Mouvaux;1;Grands centres urbains;13173;100;0;0;0;0;0;0;Nord;Hauts-de-France;3;0;0;0;0;0;0;1;0;0;0;0;0;0
59426;59426;Neuville-en-Ferrain;1;Grands centres urbains;10160;93,5;0;0;5,23;0;1,27;0;Nord;Hauts-de-France;0;2;0;0;0;0;0;0;0;0;0;0;0;0
59491;59491;Raismes;1;Grands centres urbains;12055;52,22;0;0;45,52;0;1,58;0,68;Nord;Hauts-de-France;0;0;0;0;0;0;0;1;0;0;0;0;0;0
59507;59507;Ronchin;1;Grands centres urbains;19437;100;0;0;0;0;0;0;Nord;Hauts-de-France;3;1;0;2;0;0;0;1;0;0;0;0;1;1
59508;59508;Roncq;1;Grands centres urbains;13784;71,13;0;0;25,18;0;3,68;0;Nord;Hauts-de-France;2;2;0;0;1;1;0;1;0;1;0;1;0;0
59526;59526;Saint-Amand-les-Eaux;2;Centres urbains intermédiaires;15980;0;51,38;0;43,99;0;3,85;0,78;Nord;Hauts-de-France;3;3;1;1;1;0;0;1;0;1;0;0;0;0
59527;59527;Saint-André-lez-Lille;1;Grands centres urbains;12942;98,86;0;0;0;0;1,14;0;Nord;Hauts-de-France;1;0;0;1;0;0;0;0;0;0;0;0;1;1
59544;59544;Saint-Saulve;1;Grands centres urbains;11117;82,05;0;0;15,6;0;1,94;0,41;Nord;Hauts-de-France;0;0;0;0;0;0;0;0;0;0;0;0;0;0
59560;59560;Seclin;2;Centres urbains intermédiaires;12834;0;75,49;0;18,63;0,75;4,85;0,28;Nord;Hauts-de-France;2;5;0;1;0;0;0;1;0;0;0;1;0;0
59569;59569;Sin-le-Noble;1;Grands centres urbains;15603;87,33;0;0;10,34;0;2,11;0,22;Nord;Hauts-de-France;0;0;0;0;0;0;0;2;0;0;0;0;0;0
59574;59574;Somain;2;Centres urbains intermédiaires;11790;0;67,78;0;29,23;0;2,87;0,12;Nord;Hauts-de-France;0;0;0;0;0;0;0;0;0;0;0;0;0;0
59616;59616;Vieux-Condé;4;Ceintures urbaines;10446;0;32,34;0;65,32;0;2,33;0;Nord;Hauts-de-France;0;0;0;0;0;0;0;1;0;0;0;0;1;0
59636;59636;Wambrechies;1;Grands centres urbains;10798;74,78;0;0;18,66;0;6,03;0,53;Nord;Hauts-de-France;0;0;0;0;0;0;0;0;0;0;0;0;0;0
59648;59648;Wattignies;1;Grands centres urbains;15531;97,37;0;0;2,63;0;0;0;Nord;Hauts-de-France;0;1;0;0;0;0;0;0;0;0;0;0;0;0
60141;60141;Chantilly;2;Centres urbains intermédiaires;10652;0;75,94;0;22,73;0;1,24;0,09;Oise;Hauts-de-France;4;4;0;4;1;4;0;1;0;1;2;0;0;0
60157;60157;Clermont;2;Centres urbains intermédiaires;10475;0;76,63;0;23,36;0;0;0,01;Oise;Hauts-de-France;0;0;0;0;1;1;0;2;0;1;0;0;0;0
60176;60176;Crépy-en-Valois;2;Centres urbains intermédiaires;14217;0;84,09;0;10,22;0;5,49;0,19;Oise;Hauts-de-France;0;1;0;1;1;0;0;1;0;1;0;1;0;0
60395;60395;Méru;2;Centres urbains intermédiaires;14320;0;87,37;0;10,08;0;2,14;0,41;Oise;Hauts-de-France;1;1;0;1;1;2;0;1;0;1;0;0;0;0
60414;60414;Montataire;1;Grands centres urbains;13701;69,04;0;0;30,93;0;0;0,03;Oise;Hauts-de-France;0;0;0;0;1;14;0;4;0;0;0;1;1;1
60471;60471;Noyon;2;Centres urbains intermédiaires;12987;0;67,86;0;30,52;0;1,21;0,41;Oise;Hauts-de-France;0;3;0;0;1;4;1;1;0;2;0;0;1;2
60509;60509;Pont-Sainte-Maxence;2;Centres urbains intermédiaires;12291;0;76,79;0;20,21;0,25;2,66;0,1;Oise;Hauts-de-France;1;0;0;0;1;2;0;1;0;0;0;0;0;0
60612;60612;Senlis;2;Centres urbains intermédiaires;15255;0;79,31;0;18,19;0;1,92;0,58;Oise;Hauts-de-France;7;6;0;1;1;1;0;2;0;2;1;0;0;0
61006;61006;Argentan;2;Centres urbains intermédiaires;13291;0;57,55;0;29,44;0;12,78;0,22;Orne;Normandie;1;4;1;2;1;3;1;1;0;0;0;1;1;2
61169;61169;Flers;2;Centres urbains intermédiaires;14482;0;59,61;0;34,23;0;5,94;0,22;Orne;Normandie;3;4;1;0;1;4;0;1;1;2;0;1;1;1
62048;62048;Auchel;2;Centres urbains intermédiaires;10062;0;65,27;0;33,45;0;1,28;0;Pas-de-Calais;Hauts-de-France;0;0;0;0;1;1;0;1;0;0;0;0;0;0
62065;62065;Avion;1;Grands centres urbains;17672;93,98;0;0;5,9;0;0;0,12;Pas-de-Calais;Hauts-de-France;0;0;0;0;1;1;0;2;0;0;0;0;0;0
62108;62108;Berck;2;Centres urbains intermédiaires;13298;0;77,1;0;22,27;0;0;0,63;Pas-de-Calais;Hauts-de-France;1;9;10;1;1;0;0;1;0;1;0;0;0;0
62186;62186;Bully-les-Mines;2;Centres urbains intermédiaires;12221;0;83,79;0;15,81;0;0,4;0;Pas-de-Calais;Hauts-de-France;0;0;0;0;0;0;0;1;0;0;0;0;0;0
62215;62215;Carvin;2;Centres urbains intermédiaires;17852;0;66,57;0;30,47;0;2,48;0,48;Pas-de-Calais;Hauts-de-France;2;1;0;0;0;0;0;1;0;0;0;0;0;0
62250;62250;Courrières;1;Grands centres urbains;10199;82,72;0;0;17,18;0;0;0,1;Pas-de-Calais;Hauts-de-France;1;0;0;0;1;1;0;1;0;0;0;0;0;0
62318;62318;Étaples;2;Centres urbains intermédiaires;10930;0;79,11;0;18,5;0;1,93;0,46;Pas-de-Calais;Hauts-de-France;0;4;1;0;0;0;0;1;0;1;0;0;0;0
62413;62413;Harnes;1;Grands centres urbains;12317;85,76;0;0;13,77;0;0,41;0,05;Pas-de-Calais;Hauts-de-France;0;0;0;0;1;1;0;1;0;1;0;0;0;0
62525;62525;Longuenesse;2;Centres urbains intermédiaires;10568;0;73,88;0;20,91;0;5,19;0,02;Pas-de-Calais;Hauts-de-France;1;0;0;0;0;0;0;1;0;0;0;0;0;0
62548;62548;Marck;4;Ceintures urbaines;10494;0;0;0;81,11;7,74;9,22;1,93;Pas-de-Calais;Hauts-de-France;0;0;2;0;0;0;0;0;0;0;1;0;0;0
62570;62570;Méricourt;1;Grands centres urbains;11431;99,97;0;0;0;0;0;0,03;Pas-de-Calais;Hauts-de-France;0;0;0;0;0;0;0;1;0;0;0;0;0;0
62617;62617;Nœux-les-Mines;2;Centres urbains intermédiaires;11520;0;72,25;0;27,57;0;0,11;0,07;Pas-de-Calais;Hauts-de-France;2;1;0;0;0;0;0;0;0;0;0;0;0;0
62637;62637;Oignies;2;Centres urbains intermédiaires;10210;0;69,8;0;28,32;0;1,61;0,27;Pas-de-Calais;Hauts-de-France;0;0;0;1;0;0;0;1;0;0;0;0;0;0
62643;62643;Outreau;1;Grands centres urbains;13270;89,23;0;0;10,68;0;0;0,09;Pas-de-Calais;Hauts-de-France;1;0;0;0;0;0;0;1;0;0;0;0;0;0
62758;62758;Saint-Martin-Boulogne;1;Grands centres urbains;10999;76,78;0;0;20,4;0,6;1,15;1,08;Pas-de-Calais;Hauts-de-France;0;3;0;0;0;0;0;0;0;0;0;0;1;1
62765;62765;Saint-Omer;2;Centres urbains intermédiaires;14661;0;88,82;0;8,58;0;2,04;0,56;Pas-de-Calais;Hauts-de-France;5;6;0;5;1;9;1;1;0;3;0;1;1;2
63014;63014;Aubière;1;Grands centres urbains;10211;65,49;0;0;33,64;0;0,73;0,15;Puy-de-Dôme;Auvergne-Rhône-Alpes;1;6;0;0;1;14;0;1;0;0;0;0;0;0
63032;63032;Beaumont;1;Grands centres urbains;10650;86,6;0;0;13,4;0;0;0;Puy-de-Dôme;Auvergne-Rhône-Alpes;0;0;0;0;0;0;0;1;0;0;0;0;0;0
63075;63075;Chamalières;1;Grands centres urbains;17454;93,46;0;0;6,54;0;0;0;Puy-de-Dôme;Auvergne-Rhône-Alpes;1;3;0;1;0;0;0;1;0;0;0;0;0;0
63164;63164;Gerzat;2;Centres urbains intermédiaires;10258;0;76,82;0;17,49;0;4,99;0,7;Puy-de-Dôme;Auvergne-Rhône-Alpes;0;2;0;0;0;0;0;1;0;0;0;0;0;0
63178;63178;Issoire;2;Centres urbains intermédiaires;15014;0;67,35;0;28,74;0;2,87;1,04;Puy-de-Dôme;Auvergne-Rhône-Alpes;2;8;1;1;1;3;0;1;0;0;1;1;0;0
63284;63284;Pont-du-Château;2;Centres urbains intermédiaires;12459;0;56,66;0;39,64;0;3,43;0,27;Puy-de-Dôme;Auvergne-Rhône-Alpes;0;0;1;0;0;0;0;1;0;0;0;0;0;0
63300;63300;Riom;2;Centres urbains intermédiaires;18736;0;68,95;0;26,42;0;3,15;1,48;Puy-de-Dôme;Auvergne-Rhône-Alpes;1;9;0;2;1;0;0;2;1;2;0;1;0;0
63430;63430;Thiers;3;Petites villes;11633;0;0;78,97;0;0,02;18,84;2,17;Puy-de-Dôme;Auvergne-Rhône-Alpes;2;6;1;2;1;3;1;1;0;2;0;1;1;3
64129;64129;Billère;1;Grands centres urbains;13866;89,18;0;0;10,77;0;0,05;0;Pyrénées-Atlantiques;Nouvelle-Aquitaine;0;0;0;1;0;0;0;1;0;0;0;0;1;0
64260;64260;Hendaye;1;Grands centres urbains;17796;74,43;0;0;24,57;0;1;0;Pyrénées-Atlantiques;Nouvelle-Aquitaine;0;11;12;6;1;1;0;1;0;1;0;0;1;1
64348;64348;Lons;1;Grands centres urbains;13915;71,53;0;0;25,55;0;2,61;0,31;Pyrénées-Atlantiques;Nouvelle-Aquitaine;2;5;0;0;0;0;0;1;0;0;0;0;1;1
64422;64422;Oloron-Sainte-Marie;3;Petites villes;10616;0;0;90,02;0;0;6,74;3,24;Pyrénées-Atlantiques;Nouvelle-Aquitaine;3;5;1;2;1;3;0;1;0;0;0;0;1;1
64430;64430;Orthez;3;Petites villes;10684;0;0;73,33;0;0;23,93;2,73;Pyrénées-Atlantiques;Nouvelle-Aquitaine;1;3;0;1;1;2;0;2;0;2;0;0;0;0
64483;64483;Saint-Jean-de-Luz;2;Centres urbains intermédiaires;14601;0;64,74;0;29,07;0;5,69;0,51;Pyrénées-Atlantiques;Nouvelle-Aquitaine;6;26;16;6;1;5;0;1;1;0;0;0;0;0
64545;64545;Urrugne;4;Ceintures urbaines;10543;12,33;1,95;0;43,97;8,05;31,04;2,66;Pyrénées-Atlantiques;Nouvelle-Aquitaine;2;2;9;2;1;0;0;0;0;0;0;0;0;0
65286;65286;Lourdes;2;Centres urbains intermédiaires;13509;0;59,41;0;35,83;0;4,2;0,55;Hautes-Pyrénées;Occitanie;6;135;8;5;4;6;0;1;1;1;0;0;0;0
66008;66008;Argelès-sur-Mer;2;Centres urbains intermédiaires;10792;0;60,3;0;21,19;0,02;15,29;3,21;Pyrénées-Orientales;Occitanie;1;21;51;2;1;1;0;1;0;0;0;0;0;0
66028;66028;Cabestany;1;Grands centres urbains;10338;73,94;0;0;23,26;0;2,52;0,28;Pyrénées-Orientales;Occitanie;0;1;0;1;1;1;0;2;0;0;0;0;0;0
66037;66037;Canet-en-Roussillon;3;Petites villes;12598;0;0;95,11;0;0;4,25;0,64;Pyrénées-Orientales;Occitanie;1;14;8;0;1;0;0;1;0;1;0;0;0;0
66141;66141;Pia;2;Centres urbains intermédiaires;10733;0;71,05;0;24,53;0;3,42;1;Pyrénées-Orientales;Occitanie;0;0;0;0;0;0;0;1;0;0;0;0;0;0
66171;66171;Saint-Cyprien;4;Ceintures urbaines;11398;0;32,08;0;63,72;0,02;4,08;0,1;Pyrénées-Orientales;Occitanie;3;4;4;2;0;0;0;1;0;0;0;0;0;0
66172;66172;Saint-Estève;1;Grands centres urbains;11550;73,5;0;0;21,02;0;5,45;0,03;Pyrénées-Orientales;Occitanie;0;0;0;0;0;0;0;1;0;0;0;0;0;0
66180;66180;Saint-Laurent-de-la-Salanque;2;Centres urbains intermédiaires;10010;0;72,64;0;19,78;0;6,64;0,94;Pyrénées-Orientales;Occitanie;0;0;0;0;0;0;0;1;0;0;0;0;0;0
67043;67043;Bischheim;1;Grands centres urbains;17939;99,49;0;0;0,37;0;0;0,15;Bas-Rhin;Grand Est;1;0;0;3;0;0;0;1;0;0;0;0;0;0
67046;67046;Bischwiller;2;Centres urbains intermédiaires;12435;0;56,49;0;41;0;2,37;0,14;Bas-Rhin;Grand Est;0;1;0;0;1;0;0;1;0;0;0;0;2;2
67067;67067;Brumath;2;Centres urbains intermédiaires;10238;0;53,9;0;39,94;0;5,99;0,17;Bas-Rhin;Grand Est;0;1;0;0;1;14;0;1;0;0;1;0;0;0
67130;67130;Erstein;2;Centres urbains intermédiaires;10887;0;79,99;0;4,23;10,18;4,32;1,29;Bas-Rhin;Grand Est;0;3;1;0;1;2;0;1;0;0;0;1;0;0
67204;67204;Hœnheim;1;Grands centres urbains;11469;90,24;0;0;8,84;0;0,89;0,03;Bas-Rhin;Grand Est;0;1;0;0;0;0;0;0;0;0;0;0;0;0
67348;67348;Obernai;2;Centres urbains intermédiaires;12216;0;69,36;0;24,2;1,09;4,99;0,36;Bas-Rhin;Grand Est;4;11;1;3;1;1;1;1;1;0;0;0;1;1
67365;67365;Ostwald;1;Grands centres urbains;13310;99,86;0;0;0;0;0;0,14;Bas-Rhin;Grand Est;0;6;0;2;0;0;0;0;0;0;0;0;1;2
67437;67437;Saverne;2;Centres urbains intermédiaires;11390;0;81,23;0;17,16;0;1,33;0,28;Bas-Rhin;Grand Est;4;5;1;1;1;0;0;1;0;1;1;1;1;1
67462;67462;Sélestat;2;Centres urbains intermédiaires;19300;0;77,5;0;19,87;0;2,16;0,47;Bas-Rhin;Grand Est;9;3;1;0;1;3;0;1;1;1;0;1;1;1
68063;68063;Cernay;2;Centres urbains intermédiaires;11745;0;62,86;0;36,18;0;0,66;0,31;Haut-Rhin;Grand Est;4;1;1;0;1;1;0;1;0;1;0;1;1;1
68112;68112;Guebwiller;2;Centres urbains intermédiaires;11137;0;93,16;0;6,14;0;0,69;0;Haut-Rhin;Grand Est;3;3;0;1;1;5;0;1;0;2;1;1;0;0
68154;68154;Illzach;1;Grands centres urbains;14829;91,11;0;0;8,17;0;0,62;0,1;Haut-Rhin;Grand Est;3;3;0;0;0;0;0;1;0;0;1;1;1;1
68166;68166;Kingersheim;1;Grands centres urbains;13178;99,46;0;0;0,51;0;0,03;0;Haut-Rhin;Grand Est;0;1;0;1;0;0;0;1;0;0;0;0;0;0
68256;68256;Pfastatt;1;Grands centres urbains;10237;100;0;0;0;0;0;0;Haut-Rhin;Grand Est;0;0;0;0;0;0;0;1;0;0;0;0;0;0
68271;68271;Riedisheim;1;Grands centres urbains;12163;80,39;0;0;17,54;0;1,91;0,16;Haut-Rhin;Grand Est;0;0;0;0;0;0;0;1;0;0;1;1;0;0
68278;68278;Rixheim;1;Grands centres urbains;13795;70,79;0;0;26,32;0;2,78;0,1;Haut-Rhin;Grand Est;1;1;0;0;1;1;0;0;0;1;0;1;1;1
68375;68375;Wittelsheim;4;Ceintures urbaines;10334;0;0;0;95,85;0;3,62;0,53;Haut-Rhin;Grand Est;1;0;0;0;0;0;0;1;0;0;0;0;0;0
68376;68376;Wittenheim;1;Grands centres urbains;15262;87,15;0;0;11,52;0;1,15;0,19;Haut-Rhin;Grand Est;2;1;0;0;1;1;0;1;0;0;0;0;0;0
69019;69019;Belleville-en-Beaujolais;2;Centres urbains intermédiaires;13542;0;53,53;0;38,93;0;6,16;1,38;Rhône;Auvergne-Rhône-Alpes;2;6;0;0;1;0;0;1;0;0;0;0;0;0
69027;69027;Brignais;2;Centres urbains intermédiaires;12388;0;51,85;0;45,28;0;2,85;0,03;Rhône;Auvergne-Rhône-Alpes;2;1;0;2;1;15;0;1;1;0;0;1;1;1
69069;69069;Craponne;1;Grands centres urbains;11903;82,85;0;0;17,14;0;0,01;0;Rhône;Auvergne-Rhône-Alpes;2;1;0;0;1;1;0;1;0;0;0;0;0;0
69081;69081;Écully;1;Grands centres urbains;18361;84,18;0;0;15,8;0;0,02;0;Rhône;Auvergne-Rhône-Alpes;3;3;0;2;1;1;0;2;0;0;0;0;1;1
69089;69089;Francheville;1;Grands centres urbains;15204;71,85;0;0;27,65;0;0,5;0;Rhône;Auvergne-Rhône-Alpes;2;0;0;1;1;1;0;2;0;0;0;0;0;0
69199;69199;Saint-Fons;1;Grands centres urbains;19360;100;0;0;0;0;0;0;Rhône;Auvergne-Rhône-Alpes;2;1;0;1;0;0;1;2;0;0;0;1;1;1
69243;69243;Tarare;2;Centres urbains intermédiaires;10428;0;65,16;0;30,74;0;3,55;0,55;Rhône;Auvergne-Rhône-Alpes;2;0;0;1;1;2;0;1;0;0;0;1;0;0
69271;69271;Chassieu;1;Grands centres urbains;11092;79,46;0;0;18,56;0;1,85;0,12;Rhône;Auvergne-Rhône-Alpes;0;4;0;0;0;0;1;1;0;0;0;1;1;1
69273;69273;Corbas;1;Grands centres urbains;10932;79,82;0;0;19,57;0;0,08;0,53;Rhône;Auvergne-Rhône-Alpes;2;2;0;0;0;0;0;1;0;0;0;0;1;1
69277;69277;Genas;4;Ceintures urbaines;13483;0;38,4;0;60,93;0;0,03;0,64;Rhône;Auvergne-Rhône-Alpes;4;3;0;0;0;0;0;1;0;0;0;1;0;0
69283;69283;Mions;2;Centres urbains intermédiaires;13707;3,84;50,24;0;44,1;0;1,75;0,08;Rhône;Auvergne-Rhône-Alpes;0;1;0;0;0;0;0;1;0;0;0;0;0;0
70285;70285;Héricourt;2;Centres urbains intermédiaires;10478;0;55,85;0;32,73;4,3;7,03;0,09;Haute-Saône;Bourgogne-Franche-Comté;1;1;0;0;0;0;0;1;0;0;0;1;0;0
70550;70550;Vesoul;2;Centres urbains intermédiaires;15130;0;79,84;0;17,81;0;2;0,34;Haute-Saône;Bourgogne-Franche-Comté;1;4;0;1;2;1;1;2;0;1;1;3;1;1
71014;71014;Autun;2;Centres urbains intermédiaires;13145;0;55,53;0;25,33;0;16,5;2,63;Saône-et-Loire;Bourgogne-Franche-Comté;5;8;1;1;1;4;1;2;0;4;0;0;1;1
71306;71306;Montceau-les-Mines;2;Centres urbains intermédiaires;16831;0;48,76;0;46,28;0;4,86;0,1;Saône-et-Loire;Bourgogne-Franche-Comté;3;5;0;0;1;3;1;1;0;0;0;0;2;3
72003;72003;Allonnes;2;Centres urbains intermédiaires;11013;0;53,66;0;39,24;0;4,92;2,18;Sarthe;Pays de la Loire;1;0;0;0;0;0;0;1;0;1;0;0;1;1
72154;72154;La Flèche;3;Petites villes;14937;0;37,69;0;47,04;0;11,42;3,85;Sarthe;Pays de la Loire;4;5;1;1;1;2;0;1;0;0;0;0;1;1
72264;72264;Sablé-sur-Sarthe;2;Centres urbains intermédiaires;12096;0;52,72;0;38,01;0;7,31;1,97;Sarthe;Pays de la Loire;3;2;1;1;2;1;1;1;0;0;0;0;1;1
73011;73011;Albertville;2;Centres urbains intermédiaires;19812;0;82,37;0;13,12;0;4,27;0,24;Savoie;Auvergne-Rhône-Alpes;4;8;1;2;2;3;1;1;2;1;0;1;1;1
73179;73179;La Motte-Servolex;1;Grands centres urbains;12299;64,69;0;0;18,28;0,19;16,73;0,12;Savoie;Auvergne-Rhône-Alpes;0;1;0;0;0;0;0;1;0;0;0;0;1;1
74042;74042;Bonneville;2;Centres urbains intermédiaires;12895;0;75,79;0;11,65;5,33;5,87;1,36;Haute-Savoie;Auvergne-Rhône-Alpes;3;3;1;2;0;0;0;1;0;0;0;0;0;0
74081;74081;Cluses;2;Centres urbains intermédiaires;17164;0;86,52;0;13,18;0;0,25;0,05;Haute-Savoie;Auvergne-Rhône-Alpes;2;3;1;2;2;2;0;1;0;0;0;1;1;1
74133;74133;Gaillard;1;Grands centres urbains;10175;92,27;0;0;7,73;0;0;0;Haute-Savoie;Auvergne-Rhône-Alpes;2;3;0;0;0;0;0;0;0;0;0;0;0;0
74208;74208;Passy;4;Ceintures urbaines;11068;0;0;0;88,11;0,02;10,85;1,02;Haute-Savoie;Auvergne-Rhône-Alpes;0;4;4;5;0;0;0;0;0;0;0;0;0;0
74224;74224;La Roche-sur-Foron;2;Centres urbains intermédiaires;11263;0;70,62;0;16,93;0;11,66;0,8;Haute-Savoie;Auvergne-Rhône-Alpes;2;2;0;2;1;1;0;1;0;0;0;1;0;0
74225;74225;Rumilly;2;Centres urbains intermédiaires;15998;0;68,29;0;21,17;0;10,42;0,12;Haute-Savoie;Auvergne-Rhône-Alpes;2;1;0;1;1;0;0;1;0;1;0;0;0;0
74243;74243;Saint-Julien-en-Genevois;1;Grands centres urbains;15840;87,28;0;0;9,62;0;2,81;0,29;Haute-Savoie;Auvergne-Rhône-Alpes;0;2;0;0;1;1;0;1;0;0;0;0;0;0
74256;74256;Sallanches;2;Centres urbains intermédiaires;17133;0;64,07;0;24,09;0,37;10,98;0,49;Haute-Savoie;Auvergne-Rhône-Alpes;4;6;1;4;1;10;0;1;1;0;0;0;1;1
76057;76057;Barentin;4;Ceintures urbaines;12154;0;0,39;0;98,4;0;0,6;0,62;Seine-Maritime;Normandie;2;4;0;0;1;1;0;1;0;1;0;0;0;0
76108;76108;Bois-Guillaume;1;Grands centres urbains;14262;89,15;0;0;9,07;0;1,38;0,4;Seine-Maritime;Normandie;1;2;0;4;0;0;0;0;0;0;0;0;0;0
76114;76114;Bolbec;2;Centres urbains intermédiaires;11635;0;71,56;0;24,05;0;4,06;0,33;Seine-Maritime;Normandie;0;2;0;0;1;2;0;1;0;0;0;1;0;0
76157;76157;Canteleu;1;Grands centres urbains;13966;76,03;0;0;20,5;0;3,06;0,41;Seine-Maritime;Normandie;1;0;0;2;1;1;0;1;0;2;0;0;1;1
76165;76165;Caudebec-lès-Elbeuf;2;Centres urbains intermédiaires;10135;0;87,76;0;12,01;0;0,23;0;Seine-Maritime;Normandie;0;0;0;0;0;0;0;1;0;0;0;0;0;0
76216;76216;Déville-lès-Rouen;1;Grands centres urbains;10745;100;0;0;0;0;0;0;Seine-Maritime;Normandie;0;0;0;0;0;0;0;1;0;0;0;1;1;1
76231;76231;Elbeuf;2;Centres urbains intermédiaires;15951;0;80,11;0;17,73;0,13;2,02;0;Seine-Maritime;Normandie;5;0;0;0;1;5;0;1;0;1;0;1;1;0
76259;76259;Fécamp;2;Centres urbains intermédiaires;18016;0;69,03;0;28,39;0;2,1;0,49;Seine-Maritime;Normandie;3;9;1;2;1;4;1;3;1;1;0;1;1;1
76410;76410;Maromme;1;Grands centres urbains;11024;75,5;0;0;24,36;0;0,13;0,01;Seine-Maritime;Normandie;0;0;0;0;1;0;0;2;0;0;0;0;0;0
76447;76447;Montivilliers;2;Centres urbains intermédiaires;15457;0;53,75;0;43,04;0;2,6;0,61;Seine-Maritime;Normandie;1;2;0;0;1;0;0;3;0;0;0;0;0;0
76476;76476;Port-Jérôme-sur-Seine;4;Ceintures urbaines;10387;0;0;0;81,65;0;16,44;1,91;Seine-Maritime;Normandie;0;2;0;0;1;3;0;1;0;0;0;0;1;1
76484;76484;Oissel;2;Centres urbains intermédiaires;12367;15,27;52,87;0;26,55;0;4,32;1;Seine-Maritime;Normandie;0;0;0;0;1;1;0;1;0;0;0;0;0;0
76758;76758;Yvetot;2;Centres urbains intermédiaires;11385;0;85,08;0;9,22;0;5,65;0,05;Seine-Maritime;Normandie;3;3;0;0;1;7;1;2;1;2;0;1;0;0
77014;77014;Avon;2;Centres urbains intermédiaires;13660;0;93,94;0;6,06;0;0;0;Seine-et-Marne;Île-de-France;3;1;0;0;0;0;0;1;0;1;0;0;0;0
77053;77053;Brie-Comte-Robert;2;Centres urbains intermédiaires;19213;0;88,03;0;6,44;0;5,16;0,37;Seine-et-Marne;Île-de-France;1;4;0;0;1;0;0;1;0;0;0;0;0;0
77067;77067;Cesson;2;Centres urbains intermédiaires;11140;0;92,92;0;5,06;0;1,69;0,33;Seine-et-Marne;Île-de-France;1;0;0;0;0;0;0;1;0;0;0;0;0;0
77118;77118;Claye-Souilly;2;Centres urbains intermédiaires;12282;0;68,18;0;26,37;0;4,8;0,65;Seine-et-Marne;Île-de-France;2;1;0;1;0;0;0;1;0;0;0;0;0;0
77131;77131;Coulommiers;2;Centres urbains intermédiaires;15250;0;84,43;0;13,07;0;2,38;0,12;Seine-et-Marne;Île-de-France;2;1;0;1;1;4;1;2;0;1;0;0;0;0
77153;77153;Dammartin-en-Goële;2;Centres urbains intermédiaires;11272;0;70,93;0;28,93;0;0;0,13;Seine-et-Marne;Île-de-France;0;0;0;0;0;0;0;1;0;0;0;0;0;0
77186;77186;Fontainebleau;2;Centres urbains intermédiaires;15945;0;92,24;0;7,24;0;0,03;0,5;Seine-et-Marne;Île-de-France;13;12;0;8;2;5;1;1;0;2;1;1;1;1
77251;77251;Lieusaint;2;Centres urbains intermédiaires;13808;0;87,9;0;11,83;0;0;0,26;Seine-et-Marne;Île-de-France;4;1;0;0;1;0;0;1;0;0;0;2;1;2
77258;77258;Lognes;1;Grands centres urbains;14650;100;0;0;0;0;0;0;Seine-et-Marne;Île-de-France;0;2;0;3;0;0;0;1;0;0;0;0;0;0
77296;77296;Moissy-Cramayel;2;Centres urbains intermédiaires;18248;0;93,89;0;5,75;0;0;0,37;Seine-et-Marne;Île-de-France;0;1;0;0;1;1;0;2;0;0;0;0;0;0
77307;77307;Montévrain;1;Grands centres urbains;13934;100;0;0;0;0;0;0;Seine-et-Marne;Île-de-France;0;2;0;4;0;0;0;1;0;0;0;1;0;0
77316;77316;Moret-Loing-et-Orvanne;2;Centres urbains intermédiaires;12581;0;56,95;0;32,13;2,74;6,67;1,5;Seine-et-Marne;Île-de-France;0;2;1;1;0;0;0;2;0;1;0;0;0;0
77333;77333;Nemours;2;Centres urbains intermédiaires;13189;0;84,62;0;14,37;0;0,74;0,27;Seine-et-Marne;Île-de-France;1;2;0;1;1;3;0;1;0;2;0;1;0;0
77337;77337;Noisiel;1;Grands centres urbains;15461;100;0;0;0;0;0;0;Seine-et-Marne;Île-de-France;0;1;0;3;1;2;1;1;0;1;0;1;1;5
77379;77379;Provins;2;Centres urbains intermédiaires;11958;0;73,07;0;25,06;0;1,65;0,21;Seine-et-Marne;Île-de-France;2;4;0;4;1;4;0;1;0;1;1;1;0;0
77407;77407;Saint-Fargeau-Ponthierry;3;Petites villes;14516;0;47,34;0;50,91;0;1,26;0,5;Seine-et-Marne;Île-de-France;1;1;0;0;1;1;0;1;0;0;0;0;1;1
77464;77464;Thorigny-sur-Marne;1;Grands centres urbains;10405;79,92;0;0;19,57;0;0,4;0,1;Seine-et-Marne;Île-de-France;2;0;1;0;0;0;0;1;0;0;0;0;1;1
77479;77479;Vaires-sur-Marne;1;Grands centres urbains;13518;100;0;0;0;0;0;0;Seine-et-Marne;Île-de-France;0;0;0;0;1;1;1;1;0;0;0;1;0;0
77487;77487;Vaux-le-Pénil;1;Grands centres urbains;11174;91,05;0;0;6,66;0;2,22;0,06;Seine-et-Marne;Île-de-France;0;1;0;0;1;1;1;1;1;0;0;0;1;3
78015;78015;Andrésy;1;Grands centres urbains;13230;100;0;0;0;0;0;0;Yvelines;Île-de-France;0;0;0;1;0;0;0;1;0;0;0;0;0;0
78029;78029;Aubergenville;2;Centres urbains intermédiaires;12317;0;55,09;0;43,38;0;0,85;0,68;Yvelines;Île-de-France;0;0;0;0;1;1;1;1;0;0;0;0;0;0
78073;78073;Bois-d'Arcy;1;Grands centres urbains;15435;100;0;0;0;0;0;0;Yvelines;Île-de-France;1;0;0;3;1;1;0;1;0;0;0;0;1;1
78123;78123;Carrières-sous-Poissy;1;Grands centres urbains;18316;100;0;0;0;0;0;0;Yvelines;Île-de-France;1;0;0;1;0;0;0;1;0;0;0;1;0;0
78124;78124;Carrières-sur-Seine;1;Grands centres urbains;15038;100;0;0;0;0;0;0;Yvelines;Île-de-France;1;0;0;2;0;0;1;1;0;0;0;0;0;0
78138;78138;Chanteloup-les-Vignes;1;Grands centres urbains;10735;100;0;0;0;0;0;0;Yvelines;Île-de-France;0;0;0;1;0;0;0;1;0;0;0;0;0;0
78165;78165;Les Clayes-sous-Bois;1;Grands centres urbains;17237;100;0;0;0;0;0;0;Yvelines;Île-de-France;0;0;0;2;1;2;0;2;0;0;0;1;1;1
78190;78190;Croissy-sur-Seine;1;Grands centres urbains;10399;100;0;0;0;0;0;0;Yvelines;Île-de-France;3;0;0;1;0;0;0;1;0;1;0;1;0;0
78242;78242;Fontenay-le-Fleury;1;Grands centres urbains;13455;100;0;0;0;0;0;0;Yvelines;Île-de-France;0;0;0;1;1;1;0;1;0;0;0;0;1;1
78335;78335;Limay;1;Grands centres urbains;17626;98,69;0;0;0,28;0;1,02;0,02;Yvelines;Île-de-France;0;0;0;1;0;0;1;1;0;0;0;1;0;0
78372;78372;Marly-le-Roi;1;Grands centres urbains;16531;94,67;0;0;5,25;0;0,02;0,06;Yvelines;Île-de-France;0;0;0;4;1;2;1;1;0;0;0;1;1;1
78383;78383;Maurepas;1;Grands centres urbains;18611;90,7;0;0;7,1;0;2,2;0;Yvelines;Île-de-France;3;3;0;1;0;0;0;1;0;0;0;0;1;1
78418;78418;Montesson;1;Grands centres urbains;14511;100;0;0;0;0;0;0;Yvelines;Île-de-France;3;1;0;2;0;0;0;1;0;0;0;0;0;0
78481;78481;Le Pecq;1;Grands centres urbains;15832;99,93;0;0;0;0;0,07;0;Yvelines;Île-de-France;0;0;0;3;0;0;0;3;0;0;0;2;0;0
78624;78624;Triel-sur-Seine;1;Grands centres urbains;12388;92,18;0;0;7,63;0;0;0,2;Yvelines;Île-de-France;1;0;2;1;0;0;0;1;0;0;0;0;0;0
78642;78642;Verneuil-sur-Seine;1;Grands centres urbains;15914;75,12;0;0;23,87;0;0,99;0,02;Yvelines;Île-de-France;1;0;2;2;1;0;0;1;0;0;0;0;1;1
78643;78643;Vernouillet;1;Grands centres urbains;10025;77,87;0;0;18,99;0;2,85;0,29;Yvelines;Île-de-France;1;0;0;2;0;0;0;1;0;0;0;0;0;0
78650;78650;Le Vésinet;1;Grands centres urbains;15646;100;0;0;0;0;0;0;Yvelines;Île-de-France;4;1;0;2;1;1;0;1;0;0;0;1;1;2
78674;78674;Villepreux;1;Grands centres urbains;11150;98,41;0;0;0;0;1,29;0,3;Yvelines;Île-de-France;0;0;0;1;0;0;0;1;0;0;0;0;0;0
78686;78686;Viroflay;1;Grands centres urbains;16960;100;0;0;0;0;0;0;Yvelines;Île-de-France;2;0;0;1;0;0;1;1;0;0;0;0;0;0
78688;78688;Voisins-le-Bretonneux;1;Grands centres urbains;10721;95,96;0;0;4,04;0;0;0;Yvelines;Île-de-France;3;2;0;2;0;0;0;1;1;0;0;1;0;0
79049;79049;Bressuire;5;Bourgs ruraux;19906;0;0;49,73;0;10,29;29;10,98;Deux-Sèvres;Nouvelle-Aquitaine;3;3;2;1;1;0;1;5;0;1;0;2;2;2
79202;79202;Parthenay;3;Petites villes;10058;0;0;94,61;0;0;5,3;0,09;Deux-Sèvres;Nouvelle-Aquitaine;3;4;0;0;1;2;0;1;0;1;0;1;0;0
79329;79329;Thouars;3;Petites villes;14000;0;0;73,54;0;4;18,23;4,23;Deux-Sèvres;Nouvelle-Aquitaine;1;3;1;0;1;1;1;4;0;3;0;1;1;1
81099;81099;Gaillac;2;Centres urbains intermédiaires;15663;0;44,38;0;36,5;0,01;15,09;4,01;Tarn;Occitanie;1;3;1;0;1;4;0;1;0;3;0;0;0;0
81105;81105;Graulhet;3;Petites villes;13166;0;0;78,8;0;0;17,5;3,7;Tarn;Occitanie;1;1;1;0;1;0;0;1;0;0;0;0;1;1
81140;81140;Lavaur;3;Petites villes;10830;0;0;82,77;0;0;10,82;6,41;Tarn;Occitanie;0;2;0;0;1;1;0;1;1;1;0;0;0;0
81163;81163;Mazamet;2;Centres urbains intermédiaires;10064;0;57,85;0;28,27;0;9,67;4,21;Tarn;Occitanie;1;2;1;1;1;2;0;2;0;0;0;0;1;1
82033;82033;Castelsarrasin;3;Petites villes;14178;0;0;63,12;0;0;31,98;4,9;Tarn-et-Garonne;Occitanie;1;3;0;0;1;1;0;1;0;0;0;0;0;0
82112;82112;Moissac;3;Petites villes;13748;0;0;65,34;0;0;27,52;7,14;Tarn-et-Garonne;Occitanie;1;5;1;2;1;6;0;1;0;1;0;0;1;1
83016;83016;Le Beausset;3;Petites villes;10007;0;0;80,02;0;0;19,26;0,72;Var;Provence-Alpes-Côte d'Azur;2;3;0;1;0;0;0;1;0;0;0;0;0;0
83023;83023;Brignoles;2;Centres urbains intermédiaires;17664;0;67,13;0;21,2;0;9,08;2,59;Var;Provence-Alpes-Côte d'Azur;2;6;0;2;1;2;0;1;0;2;0;1;0;0
83042;83042;Cogolin;2;Centres urbains intermédiaires;11762;0;60,56;0;24,85;9,36;2,71;2,52;Var;Provence-Alpes-Côte d'Azur;2;5;2;1;1;1;1;1;0;0;0;0;0;0
83047;83047;La Crau;2;Centres urbains intermédiaires;19179;0;54,75;0;38,18;0;6,27;0,81;Var;Provence-Alpes-Côte d'Azur;0;0;2;1;0;0;0;0;0;0;0;1;0;0
83049;83049;Cuers;2;Centres urbains intermédiaires;12550;0;56,29;0;21,37;0;19,5;2,84;Var;Provence-Alpes-Côte d'Azur;0;3;0;1;0;0;0;0;0;0;0;1;0;0
83071;83071;La Londe-les-Maures;3;Petites villes;11442;0;0;72,23;0;0;24,26;3,5;Var;Provence-Alpes-Côte d'Azur;0;0;7;1;0;0;0;0;0;0;1;0;0;0
83073;83073;Le Luc;3;Petites villes;11053;0;0;66,42;0;13,09;17,2;3,29;Var;Provence-Alpes-Côte d'Azur;1;0;1;0;1;1;0;1;0;0;0;0;0;0
83090;83090;Ollioules;4;Ceintures urbaines;14011;15,74;39,31;0;43,71;0;0,84;0,4;Var;Provence-Alpes-Côte d'Azur;3;3;0;0;0;0;0;1;0;0;0;0;0;0
83098;83098;Le Pradet;1;Grands centres urbains;10728;77,11;0;0;18,2;0;4,5;0,19;Var;Provence-Alpes-Côte d'Azur;1;1;7;1;1;0;0;1;0;0;0;0;1;1
83107;83107;Roquebrune-sur-Argens;5;Bourgs ruraux;14448;0;0;0;0;72,71;24,29;3;Var;Provence-Alpes-Côte d'Azur;1;8;8;2;0;0;0;3;0;0;0;1;0;0
83112;83112;Saint-Cyr-sur-Mer;2;Centres urbains intermédiaires;12103;0;45,08;0;40,78;0;13,62;0,52;Var;Provence-Alpes-Côte d'Azur;2;6;3;1;1;1;0;1;0;0;0;0;0;0
83115;83115;Sainte-Maxime;2;Centres urbains intermédiaires;14433;0;46,39;0;31,07;11,54;9,5;1,51;Var;Provence-Alpes-Côte d'Azur;5;21;2;0;1;3;0;1;0;0;0;1;0;0
83116;83116;Saint-Maximin-la-Sainte-Baume;3;Petites villes;17631;0;32,55;0;58,08;0;7,27;2,1;Var;Provence-Alpes-Côte d'Azur;3;3;1;2;1;1;1;1;0;0;0;0;0;0
83123;83123;Sanary-sur-Mer;1;Grands centres urbains;17268;67,3;0;0;28,04;0;4,41;0,25;Var;Provence-Alpes-Côte d'Azur;4;11;3;3;1;1;0;1;0;0;0;1;1;1
83130;83130;Solliès-Pont;2;Centres urbains intermédiaires;12080;0;64,02;0;28,39;0;7,09;0,5;Var;Provence-Alpes-Côte d'Azur;1;1;1;0;1;1;0;1;0;0;0;0;0;0
83148;83148;Vidauban;3;Petites villes;12573;0;0;75,87;0;0;20,99;3,14;Var;Provence-Alpes-Côte d'Azur;0;2;1;1;0;0;0;1;0;0;0;0;0;0
84003;84003;Apt;2;Centres urbains intermédiaires;10536;0;58,95;0;25,7;0;10,8;4,54;Vaucluse;Provence-Alpes-Côte d'Azur;2;9;3;1;1;3;0;1;1;1;0;1;1;1
84019;84019;Bollène;3;Petites villes;13605;0;39,5;0;47,71;0;9,4;3,38;Vaucluse;Provence-Alpes-Côte d'Azur;1;10;2;0;1;1;0;1;0;0;0;1;0;0
84054;84054;L'Isle-sur-la-Sorgue;2;Centres urbains intermédiaires;19965;0;47,66;0;37,9;0;13,17;1,26;Vaucluse;Provence-Alpes-Côte d'Azur;2;6;1;3;1;1;0;0;1;0;0;1;0;0
84080;84080;Monteux;2;Centres urbains intermédiaires;13129;0;59,14;0;22,79;0;15,89;2,18;Vaucluse;Provence-Alpes-Côte d'Azur;0;1;1;0;0;0;0;0;0;0;0;0;0;0
84088;84088;Pernes-les-Fontaines;3;Petites villes;10636;0;0;61,29;0;0;35,17;3,53;Vaucluse;Provence-Alpes-Côte d'Azur;2;4;2;3;0;0;0;1;0;0;0;0;0;0
84092;84092;Le Pontet;1;Grands centres urbains;17551;95,48;0;0;1,24;0;3,28;0;Vaucluse;Provence-Alpes-Côte d'Azur;5;9;1;1;1;11;0;1;0;0;0;1;0;0
84129;84129;Sorgues;2;Centres urbains intermédiaires;19117;0;67,5;0;27,82;0,13;3,35;1,2;Vaucluse;Provence-Alpes-Côte d'Azur;1;4;1;1;0;0;0;2;0;0;1;1;0;0
84141;84141;Vedène;2;Centres urbains intermédiaires;11457;3,6;60,89;0;29,99;0;5,24;0,27;Vaucluse;Provence-Alpes-Côte d'Azur;0;0;1;0;0;0;0;0;0;0;0;0;0;0
85003;85003;Aizenay;3;Petites villes;10146;0;0;76,88;0;0;14,02;9,11;Vendée;Pays de la Loire;1;2;2;0;1;0;0;1;0;0;0;0;0;0
85092;85092;Fontenay-le-Comte;3;Petites villes;13471;0;0;85,88;0;0;13,64;0,48;Vendée;Pays de la Loire;4;4;0;0;1;3;0;1;0;1;0;0;2;3
85109;85109;Les Herbiers;3;Petites villes;16453;0;0;80,15;0;1,24;10,76;7,85;Vendée;Pays de la Loire;4;5;1;0;1;1;0;1;0;0;0;1;1;1
85226;85226;Saint-Hilaire-de-Riez;3;Petites villes;12682;0;0;75,64;0;0;21,4;2,96;Vendée;Pays de la Loire;0;5;36;0;0;0;0;1;0;1;0;0;0;0
86041;86041;Buxerolles;1;Grands centres urbains;10105;67,66;0;0;29,95;0;2,17;0,22;Vienne;Nouvelle-Aquitaine;0;0;0;0;1;0;0;1;0;0;0;0;0;0
87114;87114;Panazol;1;Grands centres urbains;11064;77,98;0;0;7,85;0;13,43;0,74;Haute-Vienne;Nouvelle-Aquitaine;0;0;0;0;0;0;1;1;0;0;0;0;0;0
87154;87154;Saint-Junien;3;Petites villes;11387;0;0;67,36;0;0;26,6;6,04;Haute-Vienne;Nouvelle-Aquitaine;2;3;1;0;1;2;0;1;0;0;0;0;1;1
88413;88413;Saint-Dié-des-Vosges;2;Centres urbains intermédiaires;19319;0;60,52;0;30,31;0;8,96;0,21;Vosges;Grand Est;3;7;0;1;2;5;0;2;1;1;0;1;1;1
91021;91021;Arpajon;1;Grands centres urbains;11281;99,33;0;0;0,67;0;0;0;Essonne;Île-de-France;1;1;0;2;1;5;1;1;0;0;0;0;1;2
91086;91086;Bondoufle;1;Grands centres urbains;10862;94,06;0;0;5,94;0;0;0;Essonne;Île-de-France;2;0;0;0;0;0;0;1;0;0;0;0;0;0
91161;91161;Chilly-Mazarin;1;Grands centres urbains;19938;100;0;0;0;0;0;0;Essonne;Île-de-France;0;2;0;1;1;2;1;1;0;0;0;1;0;0
91200;91200;Dourdan;2;Centres urbains intermédiaires;11279;0;87,46;0;9,54;0;1,4;1,6;Essonne;Île-de-France;1;1;1;1;1;2;1;1;0;1;0;1;1;1
91215;91215;Épinay-sous-Sénart;1;Grands centres urbains;11869;100;0;0;0;0;0;0;Essonne;Île-de-France;0;0;0;1;0;0;0;1;0;1;0;1;1;1
91216;91216;Épinay-sur-Orge;1;Grands centres urbains;10760;100;0;0;0;0;0;0;Essonne;Île-de-France;1;3;0;1;0;0;0;1;0;0;0;0;0;0
91235;91235;Fleury-Mérogis;1;Grands centres urbains;13983;100;0;0;0;0;0;0;Essonne;Île-de-France;0;2;0;2;0;0;1;1;0;0;0;0;0;0
91312;91312;Igny;1;Grands centres urbains;10213;99,98;0;0;0,02;0;0;0;Essonne;Île-de-France;0;2;0;1;0;0;0;1;0;0;0;0;0;0
91326;91326;Juvisy-sur-Orge;1;Grands centres urbains;18424;100;0;0;0;0;0;0;Essonne;Île-de-France;1;1;0;1;1;1;1;1;1;0;0;0;3;3
91386;91386;Mennecy;1;Grands centres urbains;15711;87,7;0;0;11,16;0;0,93;0,21;Essonne;Île-de-France;2;0;0;0;1;0;1;1;0;0;0;0;0;0
91432;91432;Morangis;1;Grands centres urbains;13211;100;0;0;0;0;0;0;Essonne;Île-de-France;0;2;0;2;0;0;0;1;0;0;0;0;1;1
91471;91471;Orsay;1;Grands centres urbains;16007;93,51;0;0;6,49;0;0;0;Essonne;Île-de-France;2;1;0;7;1;3;1;3;0;0;0;1;0;0
91552;91552;Saint-Germain-lès-Arpajon;1;Grands centres urbains;11305;98,8;0;0;0;0;1,02;0,18;Essonne;Île-de-France;0;0;0;0;0;0;0;0;0;0;0;0;3;3
91573;91573;Saint-Pierre-du-Perray;1;Grands centres urbains;11680;88,73;0;0;10,88;0;0;0,4;Essonne;Île-de-France;0;1;0;0;0;0;0;1;0;0;0;0;0;0
91645;91645;Verrières-le-Buisson;1;Grands centres urbains;14597;100;0;0;0;0;0;0;Essonne;Île-de-France;1;1;0;2;1;0;1;2;0;0;0;0;0;0
91661;91661;Villebon-sur-Yvette;1;Grands centres urbains;10322;66,49;0;0;33,47;0;0;0,04;Essonne;Île-de-France;0;1;0;0;0;0;1;1;0;0;0;1;0;0
92022;92022;Chaville;1;Grands centres urbains;19991;100;0;0;0;0;0;0;Hauts-de-Seine;Île-de-France;1;1;0;2;1;1;0;1;0;0;0;1;1;1
92033;92033;Garches;1;Grands centres urbains;17898;100;0;0;0;0;0;0;Hauts-de-Seine;Île-de-France;3;0;0;2;1;2;1;1;0;0;0;1;0;0
92077;92077;Ville-d'Avray;1;Grands centres urbains;10694;100;0;0;0;0;0;0;Hauts-de-Seine;Île-de-France;2;1;0;2;1;1;1;1;0;0;0;0;0;0
93013;93013;Le Bourget;1;Grands centres urbains;14832;100;0;0;0;0;0;0;Seine-Saint-Denis;Île-de-France;2;2;0;4;1;1;1;1;0;0;0;1;0;0
93030;93030;Dugny;1;Grands centres urbains;11328;100;0;0;0;0;0;0;Seine-Saint-Denis;Île-de-France;1;1;0;0;0;0;0;1;0;1;0;1;0;0
93061;93061;Le Pré-Saint-Gervais;1;Grands centres urbains;16865;100;0;0;0;0;0;0;Seine-Saint-Denis;Île-de-France;6;0;0;8;0;0;0;1;1;0;0;0;0;0
93062;93062;Le Raincy;1;Grands centres urbains;14877;100;0;0;0;0;0;0;Seine-Saint-Denis;Île-de-France;5;0;0;2;0;0;2;1;0;0;0;0;0;0
93079;93079;Villetaneuse;1;Grands centres urbains;12663;100;0;0;0;0;0;0;Seine-Saint-Denis;Île-de-France;0;0;0;2;0;0;0;2;0;0;0;0;0;0
94004;94004;Boissy-Saint-Léger;1;Grands centres urbains;17570;99,44;0;0;0,56;0;0;0;Val-de-Marne;Île-de-France;1;1;0;3;1;1;0;1;0;0;0;0;1;1
94011;94011;Bonneuil-sur-Marne;1;Grands centres urbains;18750;100;0;0;0;0;0;0;Val-de-Marne;Île-de-France;1;2;0;0;1;1;0;1;0;0;0;1;1;1
94015;94015;Bry-sur-Marne;1;Grands centres urbains;17400;100;0;0;0;0;0;0;Val-de-Marne;Île-de-France;3;1;0;4;0;0;1;1;0;1;0;1;0;0
94019;94019;Chennevières-sur-Marne;1;Grands centres urbains;18367;100;0;0;0;0;0;0;Val-de-Marne;Île-de-France;1;0;0;1;1;0;0;1;0;0;0;0;0;0
94037;94037;Gentilly;1;Grands centres urbains;19048;100;0;0;0;0;0;0;Val-de-Marne;Île-de-France;2;1;0;8;0;0;1;2;0;0;0;1;1;1
94055;94055;Ormesson-sur-Marne;1;Grands centres urbains;10540;100;0;0;0;0;0;0;Val-de-Marne;Île-de-France;2;0;0;1;1;1;0;1;0;0;0;0;0;0
94060;94060;La Queue-en-Brie;1;Grands centres urbains;12081;99,92;0;0;0;0;0;0,08;Val-de-Marne;Île-de-France;0;2;0;0;0;0;0;1;0;0;0;0;0;0
94069;94069;Saint-Maurice;1;Grands centres urbains;14603;100;0;0;0;0;0;0;Val-de-Marne;Île-de-France;1;2;0;5;0;0;0;2;0;0;0;1;0;0
94074;94074;Valenton;1;Grands centres urbains;14482;100;0;0;0;0;0;0;Val-de-Marne;Île-de-France;0;0;0;1;0;0;0;1;0;0;0;1;0;0
94075;94075;Villecresnes;1;Grands centres urbains;11642;100;0;0;0;0;0;0;Val-de-Marne;Île-de-France;2;0;0;1;0;0;0;1;0;0;0;0;0;0
95019;95019;Arnouville;1;Grands centres urbains;14585;100;0;0;0;0;0;0;Val-d'Oise;Île-de-France;2;0;0;1;0;0;0;1;0;0;0;0;1;1
95199;95199;Domont;1;Grands centres urbains;16078;96,91;0;0;3,09;0;0;0;Val-d'Oise;Île-de-France;2;0;0;1;1;1;0;1;0;0;0;0;0;0
95210;95210;Enghien-les-Bains;1;Grands centres urbains;11440;100;0;0;0;0;0;0;Val-d'Oise;Île-de-France;6;3;0;1;2;6;0;1;2;0;0;0;2;2
95218;95218;Éragny;1;Grands centres urbains;18468;100;0;0;0;0;0;0;Val-d'Oise;Île-de-France;0;2;0;1;0;0;0;1;0;0;0;0;1;1
95313;95313;L'Isle-Adam;2;Centres urbains intermédiaires;11846;0;78,03;0;18,77;0;3,1;0,11;Val-d'Oise;Île-de-France;3;3;0;2;1;5;0;1;0;1;0;0;0;0
95323;95323;Jouy-le-Moutier;1;Grands centres urbains;17175;99,15;0;0;0,85;0;0;0;Val-d'Oise;Île-de-France;0;0;0;0;1;1;0;1;0;0;0;0;1;1
95351;95351;Louvres;2;Centres urbains intermédiaires;12083;0;72,43;0;27,52;0;0;0,05;Val-d'Oise;Île-de-France;1;0;0;1;0;0;0;1;0;1;0;0;1;1
95394;95394;Méry-sur-Oise;1;Grands centres urbains;10046;84,68;0;0;13,64;0;0,62;1,06;Val-d'Oise;Île-de-France;0;0;0;0;1;1;0;1;0;1;0;0;0;0
95427;95427;Montmagny;1;Grands centres urbains;14775;100;0;0;0;0;0;0;Val-d'Oise;Île-de-France;0;0;0;2;0;0;0;1;0;1;0;0;0;0
95476;95476;Osny;1;Grands centres urbains;17277;83,56;0;0;16,39;0;0,04;0,01;Val-d'Oise;Île-de-France;2;2;0;0;0;0;0;1;0;0;0;0;0;0
95487;95487;Persan;2;Centres urbains intermédiaires;13996;0;90,08;0;9,92;0;0;0;Val-d'Oise;Île-de-France;0;1;0;0;0;0;1;1;0;0;0;0;0;0
95539;95539;Saint-Brice-sous-Forêt;1;Grands centres urbains;15209;100;0;0;0;0;0;0;Val-d'Oise;Île-de-France;1;1;0;0;0;0;0;2;0;0;0;0;1;1
95563;95563;Saint-Leu-la-Forêt;1;Grands centres urbains;15979;99,88;0;0;0;0;0,12;0;Val-d'Oise;Île-de-France;3;0;0;2;0;0;0;1;0;0;0;0;0;0
95598;95598;Soisy-sous-Montmorency;1;Grands centres urbains;18008;100;0;0;0;0;0;0;Val-d'Oise;Île-de-France;0;0;0;3;0;0;0;1;0;0;0;1;0;0
95637;95637;Vauréal;1;Grands centres urbains;16034;100;0;0;0;0;0;0;Val-d'Oise;Île-de-France;0;0;0;1;1;2;0;1;0;0;0;0;0;0
97107;97107;Capesterre-Belle-Eau;3;Petites villes;17731;0;0;62,04;0;14,11;21,97;1,87;Guadeloupe;Guadeloupe;0;0;0;1;0;0;0;1;0;0;0;0;0;0
97115;97115;Lamentin;4;Ceintures urbaines;18527;0;0;0;91,03;0;8,65;0,32;Guadeloupe;Guadeloupe;2;0;0;0;0;0;0;1;0;0;0;0;0;0
97116;97116;Morne-à-l'Eau;4;Ceintures urbaines;15898;0;0;0;68,1;7,41;23,37;1,12;Guadeloupe;Guadeloupe;1;0;0;1;0;0;0;1;0;0;0;0;0;0
97120;97120;Pointe-à-Pitre;2;Centres urbains intermédiaires;14486;0;97,98;0;1,6;0;0,32;0,11;Guadeloupe;Guadeloupe;12;1;0;5;1;4;0;2;0;4;0;1;0;0
97124;97124;Saint-Claude;4;Ceintures urbaines;10700;0;9,7;0;78,98;0;10,55;0,78;Guadeloupe;Guadeloupe;0;1;0;2;0;0;0;1;0;0;0;0;0;0
97125;97125;Saint-François;3;Petites villes;13004;0;0;66,81;0;8,75;22,55;1,9;Guadeloupe;Guadeloupe;8;10;0;13;0;0;0;1;0;0;0;0;0;0
97129;97129;Sainte-Rose;3;Petites villes;17630;0;0;43,09;23,35;10,3;21,4;1,86;Guadeloupe;Guadeloupe;3;1;0;3;0;0;0;1;0;0;1;0;0;0
97207;97207;Ducos;2;Centres urbains intermédiaires;17912;0;46,27;0;45,08;0;7,93;0,71;Martinique;Martinique;3;0;0;0;0;0;0;1;0;0;0;0;0;0
97210;97210;Le François;3;Petites villes;15996;0;0;38,89;23,43;0;36,69;0,99;Martinique;Martinique;1;2;0;3;0;0;0;1;0;1;1;0;0;0
97220;97220;Rivière-Pilote;4;Ceintures urbaines;11712;0;0;0;54,42;17,4;27,92;0,25;Martinique;Martinique;0;0;0;0;0;0;0;0;0;1;0;0;0;0
97221;97221;Rivière-Salée;4;Ceintures urbaines;11887;0;0;0;78,36;0;20,54;1,11;Martinique;Martinique;5;0;0;4;0;0;0;1;0;0;0;0;0;0
97223;97223;Saint-Esprit;4;Ceintures urbaines;10270;0;0;0;79,82;0;19,19;1;Martinique;Martinique;0;0;0;1;0;0;0;1;0;0;0;0;0;0
97224;97224;Saint-Joseph;4;Ceintures urbaines;16135;0;0;0;88,59;0;10,78;0,63;Martinique;Martinique;0;0;0;3;0;0;0;0;0;0;0;0;0;0
97228;97228;Sainte-Marie;4;Ceintures urbaines;14650;0;0;0;85,47;0;14,08;0,44;Martinique;Martinique;1;0;0;1;0;0;0;1;0;0;0;0;0;0
97229;97229;Schœlcher;1;Grands centres urbains;19341;72,27;0;0;25,28;0;2,15;0,3;Martinique;Martinique;6;1;0;5;1;10;0;1;0;0;0;0;0;0
97230;97230;La Trinité;4;Ceintures urbaines;11747;0;0;0;70,44;5,58;22,03;1,95;Martinique;Martinique;2;7;0;3;0;0;0;1;0;0;0;1;0;0
97305;97305;Macouria;5;Bourgs ruraux;18847;0;0;36,08;0;28,91;25,89;9,11;Guyane;Guyane;3;0;0;0;0;0;0;0;0;0;0;0;0;0
97306;97306;Mana;6;Rural à habitat dispersé;11764;0;0;0;0;39,67;42,57;17,76;Guyane;Guyane;0;1;0;0;0;0;0;1;0;1;0;0;0;0
97401;97401;Les Avirons;4;Ceintures urbaines;11434;0;0;0;96,36;0;3,44;0,2;La Réunion;La Réunion;0;0;0;2;0;0;0;1;0;0;0;1;0;0
97402;97402;Bras-Panon;2;Centres urbains intermédiaires;13344;0;63,44;0;27,25;0;8;1,31;La Réunion;La Réunion;1;0;0;1;0;0;0;1;0;0;0;1;0;0
97404;97404;L'Étang-Salé;2;Centres urbains intermédiaires;13836;0;41,43;0;33,08;14,28;10,22;0,99;La Réunion;La Réunion;2;3;0;1;0;0;0;1;0;0;0;1;0;0
97405;97405;Petite-Île;4;Ceintures urbaines;12617;0;0;0;85,78;0;13,92;0,3;La Réunion;La Réunion;0;1;0;1;1;1;0;5;0;0;0;1;0;0
97602;97602;Bandraboua;5;Bourgs ruraux;13989;0;0;21,41;0;70,35;7,58;0,66;Mayotte;Mayotte;0;0;0;0;2;13;1;8;6;0;0;0;6;9
97603;97603;Bandrele;5;Bourgs ruraux;10282;0;0;0;0;80,06;19,02;0,92;Mayotte;Mayotte;0;2;0;1;2;13;1;8;6;0;0;0;6;9
97607;97607;Dembeni;2;Centres urbains intermédiaires;15848;0;79,03;0;9,95;0;10,26;0,76;Mayotte;Mayotte;0;1;0;0;2;13;1;8;6;0;0;0;6;9
97608;97608;Dzaoudzi;2;Centres urbains intermédiaires;17831;0;96,84;0;2,36;0;0,29;0,52;Mayotte;Mayotte;3;1;0;0;2;13;1;8;6;0;0;0;6;9
97614;97614;Ouangani;3;Petites villes;10203;0;0;99,73;0;0;0,07;0,2;Mayotte;Mayotte;0;0;0;1;2;13;1;8;6;0;0;0;6;9
97615;97615;Pamandzi;2;Centres urbains intermédiaires;11442;0;87,65;0;12,01;0;0;0,34;Mayotte;Mayotte;0;0;0;1;2;13;1;8;6;0;0;0;6;9
97616;97616;Sada;2;Centres urbains intermédiaires;11156;0;82,32;0;11,79;0;5,74;0,16;Mayotte;Mayotte;0;0;0;0;2;13;1;8;6;0;0;0;6;9
97617;97617;Tsingoni;2;Centres urbains intermédiaires;13934;0;83,37;0;5,22;5,93;4,47;1,02;Mayotte;Mayotte;0;0;0;1;2;13;1;8;6;0;0;0;6;9
